name,latitude,longitude,crowd_index,events_index
Parc Central de Nou Barris,41.4368445525108,2.1712296246319656,4.637970311034349,9.042553191489361
Teatre Nacional de Catalunya,41.39971763958852,2.1861052566703805,13.251343745812425,13.829787234042552
Escola Business Engineering School - la Salle,41.40890993792351,2.1311370586996183,1.325134374581242,0.0
Santuari de Santa Eulàlia de Vilapicina,41.43072358230434,2.1729158525346945,7.29866146539017,4.787234042553191
Parc de la Font del Racó,41.41609393601731,2.130839745769486,5.30053749832497,0.0
Herboristeria del Rei,41.38070755674348,2.175034436574318,94.46272501228356,3.1914893617021276
Parròquia de Santa Teresa de l'Infant Jesús,41.400511756428415,2.151808582444108,10.662120512782337,0.0
Casa Muntadas,41.41526572017423,2.1332147546001883,12.588776558521802,0.0
Casa Francesc Cama,41.40028269384311,2.1548570322157654,16.33935351309501,7.9787234042553195
Casa Madurell,41.40275219893523,2.1596123951981183,13.98537885442878,1.0638297872340425
Casa Vilabella,41.40416890235721,2.155505247349864,29.857213048851303,2.6595744680851063
Centre Cívic Sarrià,41.39390619967619,2.1211872573336934,0.0,8.51063829787234
Centre Cívic La Sedeta,41.405576512012246,2.167687591797475,5.30053749832497,9.042553191489361
Parròquia de l'Immaculat Cor de Maria,41.405951148357936,2.166593971349565,1.9877015618718636,2.6595744680851063
Institut Nacional d'Educació Física de Catalunya *Barcelona,41.36537462912623,2.146913285556539,3.975403123743727,0.0
Casa Company,41.393120800716055,2.1481893230679403,13.98537885442878,2.6595744680851063
Centre Educatiu Jesús Maria *Passeig Sant Gervasi,41.40962676260745,2.1321227367298,0.0,0.0
Vall d'Hebron Barcelona Hospital Campus,41.42804943371883,2.1434499797388105,1.325134374581242,0.0
Port Olímpic de Barcelona,41.38772238063312,2.199282061005833,20.876077602251232,1.5957446808510638
Jardins del Mirador de l'Alcalde,41.36693458020852,2.169190267865246,1.325134374581242,0.0
Casal Cívic i Comunitari Barcelona - Magòria,41.36986934117719,2.14126001076402,0.0,1.0638297872340425
Fàbrica de Creació Ateneu Popular 9 Barris,41.44877310192653,2.1804102466794437,0.0,0.5319148936170213
Sala El Molino,41.37458590109832,2.167271088906495,34.023197296130306,4.787234042553191
Restaurant Can Travi Nou,41.43139726568915,2.150432990990598,1.325134374581242,0.0
Torre de les Aigües del Besòs,41.405450920442256,2.212560936198963,5.9631046856155905,1.5957446808510638
Forn de Pa Roura Vila,41.39744142472332,2.144269436975635,7.200393073567293,1.0638297872340425
Centre Educatiu Vedruna Gràcia Barcelona,41.40471777195005,2.151415793082498,1.2164435775650282,0.0
Castell dels Tres Dragons,41.38811182882805,2.1833851582204957,3.3128359364531064,1.0638297872340425
Centre Esportiu Municipal Piscines Bernat Picornell,41.36632923206704,2.150793450223625,7.288239060196832,0.0
Finca Sansalvador,41.418944974567545,2.148358843174665,7.950806247487455,1.0638297872340425
Pèrgola Fotovoltaica al Parc del Fòrum,41.41150571915544,2.2281237482570995,0.0,0.0
El passatge d'Antoni Gassol,41.41275610120803,2.195583895314642,0.0,0.0
Centre Comercial Maremàgnum,41.37576189535446,2.183231333568717,32.70401858165955,0.0
Casal de Barri Can Portabella,41.4291308751184,2.193936700525465,2.6502687491624854,11.170212765957446
Jardins del Teatre Grec,41.37014353208927,2.158621128519657,14.576478120393666,6.914893617021276
Jardins Creu de Pedralbes,41.39433185278547,2.1115767347502405,0.0,0.0
Residència Militar d'Estudiants Mateo Calabro,41.39297332973804,2.12510287048567,0.0,0.5319148936170213
Portal Casa Miralles,41.39211337098168,2.1274984374334376,3.975403123743727,0.0
Centre Cívic Casa Orlandai,41.3983599977031,2.1246720318706647,0.0,13.829787234042552
Telefèric de Barcelona,41.373250146274025,2.187875716121665,28.490389053496713,0.0
Biblioteca Collserola - Josep Miracle,41.41538974314011,2.102546833751382,0.0,10.106382978723405
Pastisseria Escribà *La Rambla,41.381562357710784,2.1727040810941585,94.0056280988044,0.5319148936170213
Centre Penitenciari Obert 2  - Presó de Dones de la Trinitat,41.45352852329394,2.191463299081721,0.0,0.0
Centre Cívic Vallvidrera Vázquez Montalbán,41.41539106451316,2.102545331836101,0.0,10.106382978723405
Escultura Pi i Margall-La República,41.438224060995616,2.1740546617840075,1.107752780548814,1.5957446808510638
Espai Jove La Fontana,41.40325591053633,2.1523241627536023,7.526465464615935,2.127659574468085
Escultura Mistos,41.43084545648815,2.151482440531504,3.975403123743727,1.5957446808510638
Bar Marsella,41.3782782040133,2.17122360530803,13.925538927315408,9.574468085106382
Jardins de Jacint Verdaguer,41.36885056534847,2.1630513619866973,3.3128359364531064,0.0
Hotel W Barcelona - HB-004411 *Edifici Vela,41.36836130546307,2.1899983126477727,15.23904530768429,0.0
Palau Sant Jordi,41.3620001141372,2.1523962021929672,2.6502687491624854,36.170212765957444
Museu d'Art Contemporani de Barcelona,41.383177415641065,2.16784852899158,24.13084585262719,6.914893617021276
La plaça del Monestir,41.39644186075786,2.1129074520593005,3.3128359364531064,0.5319148936170213
Centre Comercial El Centre de la Vila,41.39092742219698,2.1978686794906324,21.212572398493215,2.127659574468085
Fira Barcelona,41.3727179943061,2.150211222762335,13.251343745812425,1.5957446808510638
Centre Cívic Vil·la Florida,41.40536533899808,2.135308972460361,1.6616291708232214,7.446808510638298
Centre Estudis Ignasi Iglesias,41.43353929705061,2.1881120391596145,1.6616291708232214,6.382978723404255
Bar musical La Torre Rosa,41.42271161168508,2.180504022970048,3.3232583416464427,0.0
Restaurant Can Cortada,41.43763336944126,2.1528053939918426,0.0,0.0
Centre Educatiu Impulsem,41.376680258915165,2.1710512409002245,6.171552789482303,2.6595744680851063
Masia Can Fargas,41.42760361480803,2.164467317118893,0.0,2.127659574468085
Facultat de Ciències de la Salut Blanquerna - URL,41.409786505203634,2.1721184721407334,8.96029063621339,0.0
Associació de Comerciants del Carrer Gran de Gràcia,41.4003276952613,2.1550611661314885,16.754760805800814,7.9787234042553195
Associació Sarrià Eix Comercial,41.39840201073239,2.122763546217199,2.7693819513720355,0.0
El pont de Mühlberg,41.41856212293422,2.161799283919621,2.6502687491624854,0.0
Jardins del Palau Robert,41.396131607667456,2.159538941393651,22.094010094843885,3.723404255319149
Hospital del Mar,41.38343360981442,2.1946836219941206,27.827821866206097,2.127659574468085
Barcelona - Casa Vídua Marfà,41.39311176171059,2.1642989926981406,32.459836517129965,5.319148936170213
Club Natació Atlètic - Barceloneta,41.37344433423628,2.1886847497193758,35.11606092640293,0.0
Parc Carmel,41.41516676215983,2.155269268607678,0.0,0.0
Hotel Melia Barcelona Sky - HB-004358,41.40628819017893,2.200634797754356,0.8308145854116105,0.5319148936170213
Biblioteca Clarà *Tancada per obres,41.39994044899448,2.1294738021393327,0.0,2.127659574468085
Centre d'Arts Santa Mònica,41.37725882473504,2.175614994736913,22.805711478045946,3.1914893617021276
Museu Barça Immersive Tour,41.380676388525416,2.120354439986183,5.30053749832497,0.0
Centre Educatiu Santa Teresa - Ganduxer,41.399928939848806,2.133568601150219,3.975403123743727,0.0
Torre del Fang,41.41650054695728,2.1919480476112105,3.975403123743727,0.0
Cereria Subirà,41.38381148695298,2.1780445376953748,77.69456397123416,3.1914893617021276
Parc de la Primavera,41.37046396116055,2.1658337161656225,0.0,1.0638297872340425
Parc de l'Espanya Industrial,41.37653564822331,2.139874006322372,3.87713473192085,0.5319148936170213
Jardins de Portolà,41.410819046980855,2.14255769920195,0.0,0.0
Escola d'Aprenents SEAT,41.35443340782173,2.142929012130741,0.0,6.914893617021276
Fundació Privada Foto Colectania,41.3876733654223,2.1827368854864178,4.173428822417105,20.21276595744681
Plaça de la Virreina,41.40510303249848,2.1574390767796707,7.971651057874126,1.5957446808510638
Plaça del Nord,41.40697402455321,2.1554445283158845,0.0,4.787234042553191
Centre Cívic Casa Golferichs,41.3808491471351,2.1564074948215346,7.06192397599869,11.170212765957446
Can Carreras,41.436630936088605,2.1658537499804966,3.975403123743727,0.0
El passatge de l'Esperança,41.42909687213159,2.176942405239261,1.6616291708232214,0.0
Casa de la Lactància,41.38013155447215,2.155454935741646,11.76987329333115,2.127659574468085
Mercat Les Corts,41.38407806063042,2.1298048647400445,1.6616291708232214,2.6595744680851063
Bar Mestres,41.399609906094966,2.1310611460751536,0.0,0.5319148936170213
Mercat Galvany,41.39668239144885,2.143678943368952,11.077527805488142,0.0
Centre Cultural Teresa Pàmies,41.38689535147527,2.152049712385728,7.338862171135894,8.51063829787234
Antiga Foneria de Canons,41.37692960265057,2.177040671271692,20.93563420335601,2.127659574468085
Carrer de la Riereta,41.37926084805356,2.1669844143365613,15.250956627905246,4.25531914893617
Casa -Fàbrica Vermell-Martí,41.3882604557891,2.174179225423808,28.137516191950926,18.085106382978722
El Vapor  - Fàbrica Bonaplata,41.38494614000926,2.1667630471377124,44.377112398195436,0.0
El Jardí Vertical,41.38512796595029,2.141744623609296,3.977858388395928,0.0
Casa Hurtado,41.39242149167882,2.11632547019372,0.0,0.0
La Gran Via de Carles III,41.38359761148749,2.128056674070894,0.0,0.5319148936170213
La plaça de la Concòrdia,41.38653963624162,2.132091361234996,2.7693819513720355,7.9787234042553195
La Porta Sud de la Finca Güell,41.384912355918026,2.1189006112022293,0.0,0.0
Pavelló de Ràdio Barcelona al Parc d'Atraccions del Tibidabo,41.42410490506085,2.1193142250845742,0.0,0.0
Mercat Encants Barcelona - Fira de Bellcaire,41.401063548775554,2.1856692459565465,9.938507809359319,4.25531914893617
Cementiri Les Corts,41.383168531331165,2.1216835608063085,0.0,0.0
Parc de les Cascades,41.38631260802294,2.195094646620497,21.864717180590503,0.0
Sant Joan de Dalt,41.40216470756282,2.166410951526073,0.0291797034430618,0.0
Botiga Casa Rusca,41.431621867432426,2.1892871049773523,1.6616291708232214,11.170212765957446
La Mina Grott,41.41529444742222,2.0975454897320374,4.637970311034349,0.5319148936170213
Cooperativa La Guardiola Familiar,41.43056706573951,2.191828973297836,0.0,0.5319148936170213
Torre d'Ignacio Portabella,41.41281169827557,2.134981213630846,7.950806247487455,0.0
Castell de Montjuïc,41.36446421195711,2.1671241451784176,9.275940622068696,2.127659574468085
Centre de Convencions Internacional de Barcelona,41.40895159816792,2.218837323987452,14.576478120393666,1.0638297872340425
Colmado Murria,41.39480108686979,2.166511035825546,7.8927385614103,10.106382978723405
Universitat Politècnica de Catalunya,41.3889419870853,2.116537839859507,3.975403123743727,0.0
Jardins dels Drets Humans,41.36102656268192,2.1367088188150576,0.0,5.319148936170213
El Clot,41.407845782838926,2.188469193190472,12.39223977487605,1.5957446808510638
Biblioteca Jaume Fuster,41.40749096939712,2.149775202551298,4.637970311034349,4.25531914893617
Avinguda de la Catedral,41.384547112224666,2.175276073454244,53.602429909325075,13.829787234042552
Avinguda Maria Cristina,41.37303257656836,2.1510148596954752,15.23904530768429,1.0638297872340425
Carrer Martí  i Franqués,41.38506372270051,2.1179021240670406,1.325134374581242,0.0
Edifici de la Fàbrica Moritz - Espai Gastronòmic i Cultural,41.38253112132162,2.1634359544972748,21.18577192799607,6.382978723404255
Museu de la Xocolata,41.38741922402338,2.181725967522791,12.462218781174158,28.72340425531915
Plaça Masadas,41.424786104383934,2.190177003471264,4.5292795140181346,0.0
Eix Comercial del Raval,41.37883670716191,2.173892474795089,57.38278516445066,3.723404255319149
Jardins Plaça de Can Fabra,41.434925914293984,2.191738858342075,0.6625671872906213,15.957446808510639
Casal  Mas Guinardó,41.41816915835005,2.1744079393214104,0.0,4.787234042553191
Centre Comercial Arenas de Barcelona,41.376038338441205,2.1499752959539173,32.665306790941436,2.6595744680851063
L'avinguda del Tibidabo,41.41053474585558,2.1370219362887046,2.6502687491624854,0.0
El Passeig de Gràcia,41.3939479779243,2.1627740853677464,31.82704763039173,0.0
Masia de Can Baró,41.41656209133623,2.1620938107713417,0.0,3.1914893617021276
Pla de Montbau,41.430681496366894,2.1427060165365965,0.9007683788649306,0.0
Cases Francesc Farreras,41.382555032109934,2.159551767559708,16.062415317957804,0.0
Unió de Botiguers del Cor d'Horta,41.43029883469144,2.162232311962768,7.200393073567293,3.723404255319149
La Previsió Obrera,41.435363668960846,2.190849375486821,3.87713473192085,38.829787234042556
Refugi Antiaeri de la Sagrera,41.42373640875645,2.191951961584244,0.0,6.382978723404255
Carrer Campo Florido,41.42138115685976,2.182484957753459,0.0,0.5319148936170213
Carrer Coroleu,41.43298298344629,2.187190543503709,0.0,10.106382978723405
Carrer Grau,41.438791640535136,2.187669352497476,0.0,0.0
Carrer Manigua,41.423676546575145,2.1797396875918653,2.952843023976089,6.914893617021276
Carrer Matanzas,41.422752030928834,2.1821867084168733,1.107752780548814,0.0
El passatge de Xile,41.37689172436965,2.116314819784081,0.0,0.0
Els Jardins d'Eusebi Güell,41.39044758234289,2.1144064064040826,0.0,0.0
Torre de Santa Caterina,41.394987347747104,2.1059277429633085,0.0,0.0
Refugi antiaeri 292 carrer Piquer del Poble-sec,41.37354326748301,2.168315128536678,27.491179294557355,0.0
Plaça Major de Nou Barris,41.43686234992186,2.1712202288408515,4.637970311034349,9.042553191489361
Ronda de Sant Antoni,41.37918080972605,2.1629662196711665,8.723553146821912,0.5319148936170213
Menjadors populars del carrer Gran Sant Andreu (Guerra Civil),41.43272227205576,2.1893973971197025,1.107752780548814,2.127659574468085
El Passeig de les Aigües,41.41417937369979,2.119019897033429,0.0,0.0
Fabra i Coats - Fàbrica de Creació,41.433793974354174,2.1908326284827284,3.975403123743727,31.914893617021278
Passeig Lluis Companys - Arc de Triomf,41.39029383512213,2.180686651224211,16.129416494200676,0.5319148936170213
Antiga Fàbrica Can Batlló,41.36821672386639,2.1375027849832797,0.0,0.5319148936170213
Viaducte de Bellesguard,41.40916537462648,2.126829667587517,3.975403123743727,0.5319148936170213
Centre Municipal de Cultura Popular de Sant Andreu,41.44068473251823,2.1876438165449668,0.0,5.851063829787234
Federació Eix Comercial Sants-Les Corts,41.37975467649532,2.1344956640830457,1.6616291708232214,0.5319148936170213
El passeig de Sant Joan,41.40053820160704,2.168556539279617,1.798740465386003,0.0
La plaça de la Vila de Gràcia,41.40038030274788,2.1575252768954654,24.093622976936707,1.5957446808510638
El Congrés i els Indians,41.42267428633185,2.1801325133211784,3.87713473192085,0.0
El Quadrat d'Or,41.39176911227801,2.166394367405672,43.62372139422003,0.5319148936170213
El 22@,41.40196782553371,2.1954426698372225,8.613373434778076,0.0
L'Estació de La Sagrera,41.42192407346947,2.187378057190909,2.293853537081738,0.0
La Muralla Romana,41.384336103363474,2.1775827025795835,77.3372243646055,10.638297872340425
El Portal de l'Àngel,41.38587859872714,2.172844151594492,28.801572294269164,0.5319148936170213
Casa Bartomeu,41.396311253391424,2.1072570259147585,0.0,0.5319148936170213
Carrer Menéndez Pelayo,41.383708022783495,2.120295383395241,0.0,0.0
Parc de Can Rigal,41.37932819241353,2.107739056786728,0.0,0.5319148936170213
Sala Lliure de Gràcia,41.40276104987048,2.156031064034744,17.93100367762012,4.787234042553191
Parròquia de Santa Maria del Mar - Basílica,41.38378222100998,2.182224949880879,67.89452525944344,3.723404255319149
Jardins d'Elvira Farreras Valentí,41.407464947326254,2.1430348062786257,0.0,0.0
Ateneu de Fabricació Digital de Les Corts,41.38355424224072,2.1355597687429912,4.5292795140181346,6.382978723404255
Parc de les Rieres d'Horta,41.43107919974659,2.154259435001784,2.6502687491624854,0.5319148936170213
Parc de la Pegaso,41.42688804853377,2.190739286407059,0.6625671872906213,0.5319148936170213
Estació Barcelona-Sants de RENFE,41.379556967903945,2.1408179856438947,5.30053749832497,0.0
Restaurant Dos Torres,41.39795538977431,2.128704952652439,0.0,0.0
Mercat Núria,41.45995202920537,2.1726367468768304,0.0,0.0
La Sardineta. Grup d'Ecoconsum de la Barceloneta,41.38162858085352,2.1905140138060823,13.00369131769649,0.0
Quarter Bruc,41.38730794999315,2.110666688042147,0.0,0.0
La plaça de Sarrià,41.39981901760965,2.122029074017245,7.29866146539017,11.170212765957446
La Torre d'Aigües de Josep Amargós,41.42297808783552,2.118943948440615,15.23904530768429,1.0638297872340425
Colònia Busquets,41.41369557781432,2.104502955711604,0.6625671872906213,1.0638297872340425
Fàbrica Sanchís,41.434973842831134,2.205388440533967,0.0,3.723404255319149
Torre d'Aigües de Carrasco i Formiguera,41.40127423556232,2.122852491250377,0.0,0.0
Torre del Doctor Andreu,41.411850643734354,2.135695010644845,9.938507809359319,0.0
Fàbrica Artés,41.3996059970396,2.1622755265173805,12.877626073879963,0.0
El Túnel de la Rovira,41.42755510844527,2.157559236781552,0.0,0.0
Can Culleretes,41.381241482418325,2.1744292455209995,97.617735955809,1.5957446808510638
La Diagonal,41.38793852100829,2.125713944106764,0.0,0.5319148936170213
Refugi Antiaeri de La Lira,41.43277350201,2.1881654862843227,0.553876390274407,6.382978723404255
Refugi Antiaeri 977 (Matanzas / Pinar del Río),41.42243408970824,2.182057614392575,0.553876390274407,0.0
Capella dels Segadors,41.43629879622968,2.191490177023649,2.215505561097628,22.872340425531913
El nucli antic d'Horta,41.42999427513081,2.161502292023968,8.862022244390513,3.723404255319149
La plaça de Lesseps,41.40771234565708,2.1510867322061435,1.9877015618718636,1.5957446808510638
El Campus Ciutadella,41.39002929461585,2.190872085861088,7.950806247487455,0.5319148936170213
El Campus Mundet - UB,41.43575541409688,2.147158169831797,0.0,0.0
La llera del riu Besòs,41.45464961996649,2.1909188386141625,4.154981931792385,1.0638297872340425
Edifici d'habitatges Gran de Gràcia 67,41.399899033342535,2.1553048145748552,17.86251358634963,0.5319148936170213
Centre Cívic Can Felipa,41.40367975860696,2.20050971216533,1.107752780548814,10.106382978723405
Associació Xarxa de Consum Solidari,41.387846200809165,2.1806947519007056,14.542517527705733,22.872340425531913
La plaça de John Lennon,41.40286050125628,2.1615342716775845,7.200393073567293,0.5319148936170213
La plaça de Nicolás Salmerón,41.39801209292751,2.157480714601559,23.3015201822432,0.5319148936170213
La Pedrera Romana,41.357168740446966,2.145671534709044,0.0,0.0
Torre de l'Aigua,41.40405325796555,2.152229161692367,4.865774310260114,2.6595744680851063
El barri Plus Ultra,41.360594861404536,2.14102627404691,2.7693819513720355,0.0
La Casa de l'Aigua,41.45296545224615,2.188036804130217,1.9877015618718636,10.106382978723405
Educa +,41.41252398893622,2.179570364707956,2.277131254346471,0.5319148936170213
Casa Fàbrica Güell-Ramis,41.379585352390144,2.178265252336639,34.172088798892254,2.127659574468085
Casa Parés,41.3872658323001,2.178401010468016,26.267438917260993,2.127659574468085
Edifici Modernista Francisco Giner 47,41.39978158248624,2.1583968710038635,20.770364635290264,1.0638297872340425
Edifici d'Habitatges Gran de Gràcia 138,41.40169937350612,2.153476912041365,8.862022244390513,0.0
Ermita de la Mare de Déu de la Salut,41.41154995474912,2.15710983691872,0.0,0.0
La plaça de Gal·la Placídia,41.39860621855363,2.1529425675079312,12.185280586036956,0.0
Esplai Tr3smon,41.3598021106686,2.1417439533847342,2.7693819513720355,0.0
El Campus de Comunicació,41.40367554356738,2.1935349162488165,15.23904530768429,0.0
El Paral·lel,41.37522098509261,2.1558593296923467,15.525478885686532,0.0
Sant Pere i Santa Caterina,41.388142157020646,2.178572782653608,22.786355582686895,5.319148936170213
El Gòtic,41.383065594486666,2.1770218391588827,84.9530247308786,6.382978723404255
Cooperativa La Confiança Andreuenca,41.43555564633071,2.185313624433327,0.0,1.5957446808510638
El Poblenou,41.4022744450405,2.1990636882594146,3.87713473192085,0.5319148936170213
Cooperativa La Flor de Maig - sucursal núm. 7,41.42411451151168,2.1903109078509257,2.6502687491624854,5.319148936170213
Museu d'Autòmats del Tibidabo,41.42160921227461,2.1187341412289142,27.165254678915474,4.25531914893617
Sant Andreu,41.43526902100958,2.190044472473194,4.984887512469664,30.851063829787233
La plaça de la Bonanova,41.40638150826275,2.13417851476007,0.553876390274407,1.5957446808510638
La plaça del Doctor Andreu,41.416304021052255,2.1314166234616936,6.625671872906211,0.0
Places de Joaquim Folguera i Frederic Soler,41.40542924572357,2.1389166559414927,2.7693819513720355,1.0638297872340425
Casa Vidal,41.43535513459526,2.1894400450855303,5.538763902744071,10.106382978723405
Can Mazantini,41.43314257686843,2.184650085607281,0.0,1.5957446808510638
Oliva Artés. Museu d'Història de Barcelona,41.4083072163263,2.2011067332390364,13.251343745812425,0.5319148936170213
La Vil·la Hèlius (Casa Grané),41.395462854998215,2.107541318408962,0.0,0.5319148936170213
L'Antic Institut Frenopàtic,41.38433208402624,2.1263311628356334,0.0,0.0
L'Àrea Olímpica de la Diagonal,41.380264181554345,2.1144189385595857,0.0,0.0
Carrer Cienfuegos,41.42408750553282,2.183417526927583,0.553876390274407,0.0
Carrer Pinar del Rio,41.422259021739634,2.1821005942848277,0.553876390274407,0.0
Casa Sant Felip Neri,41.39572136064741,2.130903870123052,0.0,1.0638297872340425
Antiga Biblioteca Pública de Sant Andreu de Palomar,41.43679975051144,2.1905489388615904,6.230722878566712,1.5957446808510638
L'Aqüeducte Palombarum,41.43821655449944,2.193187925153491,0.0,0.0
Antic Monòlit Dedicat a la Legión Condor,41.38863075155167,2.127086735020199,0.0,0.0
El passatge de Tubella,41.38372383321053,2.135927755117388,3.8667123267275136,7.9787234042553195
Cansaladeria Puig,41.431965377634455,2.1892316530910487,1.107752780548814,7.446808510638298
El carrer de Campoamor,41.432914933001776,2.158212492323379,0.0,0.0
Casa de la Marina,41.37800931137947,2.1884489605390947,19.54968910094208,0.0
La carretera de les Aigües (sector Horta-Guinardó),41.42145480207412,2.131518261519387,0.0,0.0
L'Aqüeducte del Parc Central de Nou Barris,41.4368445525108,2.1712296246319656,4.637970311034349,9.042553191489361
Edifici Gas Natural,41.38319342524216,2.190154390019234,7.950806247487455,0.0
Cooperativa Obrera Popular Segle XX,41.38164663472414,2.189153267840029,17.573664070991466,0.0
La Maquinista Terrestre i Marítima,41.38164285238863,2.1907168710652614,12.341124130405866,0.0
El Conjunt Residencial de Les Escales Park,41.39204783587929,2.1153886541782843,0.0,0.0
Colònia Carné,41.376822310380064,2.117058367742885,0.0,0.5319148936170213
La plaça de Pedralbes,41.395729151007615,2.114218062249275,6.625671872906211,0.0
La Torre Blanca,41.38946749792318,2.11876260601679,6.625671872906211,0.0
Pilar d'Aigua de Sant Andreu,41.4303599257898,2.1852706828435733,1.6616291708232214,7.446808510638298
La Plaça de les Havaneres,41.42125404672891,2.1826779224213384,0.0,0.5319148936170213
Memorial de les Dones Represaliades a la Presó de Dones de les Corts,41.387153239939714,2.129239773817562,10.621919807036612,0.0
Can Fontanet - Centre d'Interpretació dels Tres Tombs de Sant Andreu,41.433793974354174,2.1908326284827284,3.975403123743727,31.914893617021278
Xemeneia de Can Galta Cremat,41.440635877473454,2.187715361234582,0.0,5.851063829787234
Les Carasses,41.44136142057692,2.1910812403192512,3.3128359364531064,1.0638297872340425
Ca l'Artés,41.43060587102361,2.172703711654441,6.744785075115762,4.787234042553191
Plaça Eivissa,41.43021998617649,2.1609828368500468,9.524589431681134,4.25531914893617
Casa Estapé,41.391927096739074,2.179966095105018,17.910158867233445,0.0
Cases Rocamora,41.38891899310887,2.1694907182668186,21.026458020040796,0.0
Casa Malagrida,41.39070796924331,2.166233113657074,52.228161338832386,0.0
Cases Blanques,41.431488091656256,2.140820837872433,1.295139477578559,0.0
Refugi Antiaeri de Can Peguera,41.43411211194424,2.165334527114244,0.0,2.6595744680851063
Can Tusquets,41.4104399702781,2.154195493067497,0.0,0.0
Casa Agustí Trulla,41.40073485164731,2.1529945860625257,11.354466000625346,0.5319148936170213
Casa Castellet,41.40322501663376,2.1591194797287576,13.569971561722975,11.170212765957446
Casa Concepció i Casa Comelles,41.403249208074975,2.154208667587497,7.41777466759972,4.25531914893617
Casa Cortina,41.41022204823075,2.14606270494447,0.0,0.0
Carrer Sant Gervasi de Cassoles,41.40417769240352,2.139512069189189,1.6616291708232214,0.0
Fàbrica de Creació Graner,41.36152379729631,2.1359750197791345,0.0,5.319148936170213
Espai Bombers Parc de la Prevenció de Barcelona,41.37369595375426,2.154566177208794,2.6309128538034336,3.1914893617021276
Edifici Torre Telefònica - Diagonal Zero Zero,41.41217022424529,2.2212484484505435,4.637970311034349,0.0
Servei d'Esports de la Universitat de Barcelona,41.38091965331625,2.1048310677132447,0.0,0.0
Casa Bonaventura Ferrer,41.39697639977114,2.158479593916247,20.21499932998823,1.0638297872340425
Edifici Patronat Ribas,41.422929218509935,2.1410866943487545,0.0,0.0
Espai Mescladís,41.38709531983285,2.1803507473845234,22.58981879904114,10.638297872340425
Jardins de Mossèn Costa i Llobera,41.36961505587559,2.17232416934953,8.613373434778076,0.0
Pavelló Mies van der Rohe,41.370842160327136,2.149776113823393,19.214448431428014,14.361702127659575
Antic Dispensari Antituberculós,41.38433595216771,2.165173981341848,38.30382800053601,4.787234042553191
Centre Comercial L'Illa Diagonal,41.38974559970474,2.1353959606306443,14.618167741167012,6.914893617021276
Els Edificis Trade,41.38617521617633,2.1279530224471386,0.0,0.0
Casa dels Ossos,41.39465875789174,2.1529838685904554,5.538763902744071,0.0
Casa Fargas,41.39040808759584,2.164148990973875,49.88460908535949,0.0
Cases Josefa Villanueva,41.39489635939134,2.166752451664696,8.139898455995118,10.638297872340425
Cristalleries Planell,41.38743624313862,2.131903917807222,2.7693819513720355,7.9787234042553195
Casa Queralt,41.41927179810715,2.147925810285238,9.275940622068696,0.5319148936170213
Parròquia de Sant Gregori Taumaturg,41.39422199323784,2.138413658076152,0.0,0.0
El Polvorí i Cos de Guàrdia,41.36464604706291,2.1428603946607967,0.0,0.0
Club Esportiu Mediterrani *Instal·lació Josep Vallès,41.3733599989622,2.130464703418883,1.6616291708232214,0.5319148936170213
Font Màgica - Fonts de Montjuïc,41.371150045128175,2.1517639113782225,26.50268749162485,2.127659574468085
Associació Cultural El Raval El Lokal,41.37945106296261,2.167094592540177,17.298214790881886,4.25531914893617
Parc del Mirador del Poble-sec,41.37192068979768,2.1701826605872294,4.0647380254008905,0.0
Eix Comercial del Poblenou,41.402619669138986,2.199899590115794,4.984887512469664,0.5319148936170213
Jardins de les Tres Xemeneies,41.37448327029571,2.172430025242432,2.0770364635290264,4.787234042553191
Plaça de la Revolució,41.402830728949546,2.158258723259312,18.55485907419264,10.638297872340425
Parc de la Font Florida,41.368634514222805,2.14105045396157,1.0573487499012197,0.0
Roca Barcelona Gallery,41.38664570242304,2.12923065792945,8.96029063621339,0.0
Sant Pau Recinte Modernista,41.41241647123583,2.1757600481895056,5.9631046856155905,2.127659574468085
Palau del Baró de Quadras,41.396775817125445,2.161339600186852,26.12003632952667,1.0638297872340425
Mercat Sarrià,41.3998359320904,2.1207231796604997,5.864836293792714,9.042553191489361
Casa de les Altures,41.41279780128245,2.166481155557753,0.0,0.0
Mercat Abaceria Central,41.40318652868216,2.164179164252221,2.215505561097628,5.319148936170213
Religioses de la Mare de Déu de la Mercè,41.40590933439461,2.1375174554869414,1.107752780548814,1.0638297872340425
Casa Dolors Calm,41.39086396941241,2.164071911206961,58.96252400875482,6.382978723404255
Casa Juncosa,41.39236095361858,2.1620196660786224,23.678215684230903,0.0
Cases Pascual i Pons,41.388385084056864,2.1701506816093343,24.398850557598674,3.1914893617021276
El passatge de Mallofré,41.39853989512909,2.1219274312322,4.757083513243899,1.5957446808510638
La plaça de Sant Vicenç,41.39722392491164,2.1240817850248583,1.107752780548814,0.0
Plaça de Rovira i Trias,41.40746803755208,2.158608041169958,1.8000982683918227,0.0
Camisseria Bonet,41.38079964125222,2.173883382684312,98.04207673868052,16.48936170212766
Casa Doctor Genové,41.38142514089114,2.1728234402079813,93.37283921206617,0.5319148936170213
Casa Domènech i Estapà,41.39228681466528,2.1625666401735337,30.6106040528267,0.0
Gran Teatre del Liceu,41.38014677441643,2.1733467293401083,78.77551628128583,15.957446808510639
Telefèric de Montjuïc,41.36885056534847,2.1630513619866973,3.3128359364531064,0.0
Església del Reial Santuari de Sant Josep de la Muntanya,41.4104399702781,2.154195493067497,0.0,0.0
"L'antic Putxet. Els carrers Manacor, Cadis i Putxet",41.40413124648984,2.142225615431341,0.0,0.0
Passatge de Sant Felip,41.40338319158916,2.1471047244543726,0.553876390274407,0.0
La plaça Molina,41.40128333249604,2.146733983621581,3.87713473192085,1.0638297872340425
Mercat Llibertat,41.399737848805614,2.1537484882528983,16.61629170823221,0.5319148936170213
El Canal de la Infanta,41.35439601685321,2.149012074553124,0.0,2.6595744680851063
Bodega Josefa,41.40432354338867,2.145936393031032,0.553876390274407,0.0
"El camí de Finestrelles, i el mirador",41.38716645323706,2.101308027569479,0.0,0.0
El passeig de Sant Gervasi,41.40714994709702,2.1338555488054234,0.0,1.5957446808510638
El Submarí de la Ronda,41.41314852899547,2.1305194357974724,5.9631046856155905,9.574468085106382
Premsa de Vi de Can Xandri,41.43822585647148,2.1853478240155115,0.0,0.0
Hospital Clínic i Provincial,41.38955539831457,2.152194463242196,7.9612286526807905,0.0
Casa Carreras,41.39404843334341,2.108987100941613,0.0,0.0
La Porta Est de la Finca Güell,41.38555915734198,2.1223275022909265,0.0,0.0
La Plaça del Comerç,41.43522215078868,2.189877474368489,4.984887512469664,14.361702127659575
Parròquia de Maria Reina,41.39269599560134,2.111486130409106,0.0,0.0
Conjunt de Cases al Carrer Francisco Giner,41.39892971334762,2.1594708997786287,19.801080952310055,0.0
Cases Manuel Raventós,41.40139423653911,2.15203322023042,6.784985780861486,0.0
Edifici J. Artigas,41.39985990968169,2.1591654567457805,17.585575391212426,0.0
Habitatge Classicista Providència 79,41.40819331103935,2.159386623420811,1.9385673659604246,4.25531914893617
Torre del Rellotge,41.37432440095194,2.1367036614916595,2.87807274838825,2.6595744680851063
"Casal Catòlic de Sant Andreu - Àntic Casino ""El Progrés""",41.43552700152439,2.1864399480323784,2.6502687491624854,3.723404255319149
Antiga Estació de Rodalies Sant Andreu Comtal de RENFE,41.43594335271556,2.192489567666219,0.0,4.787234042553191
Monestir de Sant Pau del Camp,41.37650076335756,2.16931450249219,10.641275702395662,1.5957446808510638
Edifici de l'Antic Hospital de la Santa Creu,41.38108881941955,2.169811468590316,35.7518276431964,7.446808510638298
Ateneu d'Innovació Digital i Democràtica - Canòdrom,41.42728664518391,2.1841198480555195,3.3128359364531064,2.6595744680851063
Institut del Teatre,41.37067944898099,2.157449314071009,5.9631046856155905,18.617021276595743
Palau de la Premsa,41.37248388332653,2.1538979761055,0.0,0.0
Alberg In-Out - AJ000427,41.42206372379852,2.101812736653692,0.0,0.0
Monument a Cristòfol Colom,41.375981756802304,2.1760573876381613,19.214448431428014,15.425531914893616
La Plaça del Sortidor,41.37260876412629,2.1621656959358955,9.740251923195563,9.042553191489361
Escultura Josep Anselm Clavé,41.404090634245215,2.1638663854194364,2.881775080745768,0.0
Conjunt de Torretes al carrer Verdi,41.40746179464575,2.153354042541838,0.0,0.5319148936170213
Reial Acadèmia de Medicina de Catalunya,41.38152411821448,2.168974973139409,28.156872087309974,6.382978723404255
Bibiblioteca Rector Gabriel Ferraté,41.38790151896208,2.1146704334958524,0.0,0.0
La plaça d'Espanya,41.37397463762443,2.1487108014908456,11.926209371231181,0.0
Seu del Districte de Sant Andreu,41.43602805111317,2.190607338298738,4.431011122195256,22.872340425531913
Escultura Colles Sant Medir,41.40349932760185,2.152415836295016,6.4187126840671205,2.6595744680851063
Fundació Barcelona Media - Centre d'Innovació,41.404425080209855,2.1936694239353693,7.288239060196832,0.0
Centre Cívic Cotxeres de Sants,41.37529848802474,2.136897693555585,11.067105400294805,19.680851063829788
Jardins del Palau de Pedralbes,41.38654937434819,2.1184352989192647,0.0,0.0
Jardins de Vil·la Cecília,41.39374957203114,2.121963830470535,0.0,8.51063829787234
Escola Superior d'Administració i Direcció d'Empreses - URL,41.39374137478776,2.11450041725389,9.275940622068696,0.0
La Rambla,41.37765445203638,2.17649085980406,28.284918779685242,4.787234042553191
Parc de Montjuïc,41.36332511934043,2.157516161678922,0.0,2.6595744680851063
Zona de Banys,41.41106682138965,2.221714876463801,10.60107499664994,2.6595744680851063
Casa Calvet,41.39096800710249,2.1730144223801227,32.133764126081324,0.0
Platja de Sant Sebastià,41.373706513534366,2.1896792006250663,36.44119530098417,0.0
Platja de la Nova Icària,41.39076474300676,2.2028838890750646,25.84012030433423,0.0
Antiga Biblioteca Infantil del GATCPAC,41.43240704975568,2.186285451200647,0.0,7.446808510638298
Mercat Barceloneta,41.38024616800817,2.18928120267198,29.797656447746522,4.25531914893617
Mercat Ninot,41.38785716567697,2.1544122344047523,6.784985780861486,2.127659574468085
El Born i la Ribera,41.38485510195776,2.1830157301046778,55.987671783571315,7.9787234042553195
La Barceloneta,41.37956860884705,2.189117360481648,28.947485966975865,6.382978723404255
Sants i Hostafrancs,41.37539782108393,2.1426193870999874,7.4773312687044955,2.6595744680851063
La Sagrera,41.42477305578274,2.1901486318858443,4.5292795140181346,0.0
Seu de la Secció 10 de les Patrulles de Control (Guerra Civil),41.42911252316188,2.19036384484912,0.0,0.5319148936170213
La Vila Olímpica,41.38937966568577,2.197267885136565,13.251343745812425,0.0
El Fòrum,41.41106682138965,2.221714876463801,10.60107499664994,2.6595744680851063
La plaça d'Orfila,41.43624446859994,2.1909591589263973,3.87713473192085,22.872340425531913
El Tibidabo,41.41891333512116,2.1233033539813286,0.0,0.5319148936170213
L'Aqüeducte de Ciutat Meridiana,41.45954300543077,2.175066517148887,0.0,0.0
El barri del Bon Pastor,41.43547896450301,2.204587880121658,0.553876390274407,3.723404255319149
El Raval,41.37843259823847,2.170175969805075,14.659707355091252,9.574468085106382
Sant Antoni,41.37975147357524,2.1615104199875472,9.41589863466492,0.5319148936170213
El Poble-sec,41.37402706084629,2.163850226343413,25.882454843805952,1.0638297872340425
Les Corts,41.38669051526725,2.131946333706955,3.3232583416464427,7.9787234042553195
Forn de la Concepció,41.3953024422244,2.17072858132926,17.585575391212423,0.5319148936170213
Masia la Petita Maria,41.37596451659646,2.1374035500851325,10.523651415213735,18.085106382978722
La plaça de Sant Gaietà,41.40027641073024,2.120264726728752,1.6616291708232214,7.446808510638298
Plaça del Sol,41.40162178824695,2.1566738998226365,18.00098268391823,2.6595744680851063
Casa Llorenç Camprubí,41.38934938466776,2.170855670436062,24.92443756234832,3.1914893617021276
Forn Sarret,41.39477841624774,2.1710520735754435,17.30863719607522,1.0638297872340425
La Plaça del Rom Cremat,41.42215416804366,2.182983037488512,0.0,0.5319148936170213
Centre de Cultura Popular La Violeta de Gràcia,41.4010309942708,2.1562145898860363,18.13945178148683,1.5957446808510638
Viaducte de Vallcarca,41.41181800039176,2.1432697424292484,3.3128359364531064,0.0
Fossar de les Moreres,41.38365386571088,2.1824151631724544,63.661539835921566,3.1914893617021276
Facultat de Dret - UB,41.38723971871468,2.1210972500110508,0.0,0.5319148936170213
Conjunt de Sant Martí de Provençals,41.42090417387696,2.196643734220937,0.0,0.0
Universitat Nacional d'Educació a Distància *Barcelona,41.43646572009841,2.180455235272232,4.637970311034349,0.0
Parc de Recerca Biomèdica de Barcelona,41.38557632373501,2.194017030461737,21.864717180590503,0.0
La Plaça de Catalunya,41.38604507506723,2.169418215449664,37.5727707219749,8.51063829787234
Museu Nacional d'Art de Catalunya,41.368885103834,2.153381227899417,15.901612494974907,9.042553191489361
Elisava Escola Universitaria de Disseny i Enginyeria de Barcelona,41.37848959636991,2.176064541270459,50.2613045873472,1.5957446808510638
Museu Olímpic i de l'Esport Joan Antoni Samaranch de Barcelona,41.36628092507608,2.1570941364707474,3.975403123743727,2.6595744680851063
Edifici Modernista Riera de Sant Miquel 44,41.3981582119799,2.15627378447512,14.677724342271787,0.0
Edifici de La Caixa de Barcelona,41.39846772405435,2.157280332554822,21.45228771793994,0.5319148936170213
La Plaça del Mercadal,41.43498808409701,2.188717976056457,5.093578309485878,4.787234042553191
L'Espai de la Torre Melina i el seu Jardí Romàntic,41.381730229359285,2.1085900896337453,0.0,0.0
Avenç Obrer Català de Sant Andreu,41.43624446859994,2.1909591589263973,3.87713473192085,22.872340425531913
Carrer Pons i Gallarza,41.4355421004354,2.186869522394108,3.975403123743727,4.25531914893617
"TAMAIA Viure Sense Violencia, S.C.C.L.",41.38550526763556,2.175087497981421,35.060971070381015,0.5319148936170213
Carrer Puerto Príncipe,41.422608628418345,2.181260260566652,2.215505561097628,0.0
La Plaça Santa Madrona,41.37346904326101,2.1563144249358346,8.446614951684706,1.5957446808510638
Metro Fontana,41.402647384357394,2.152713414330724,6.6465166832928855,2.127659574468085
La plaça d'en Joanic,41.405305256052856,2.1622519725038294,4.431011122195256,0.5319148936170213
La Plaça Reial,41.38044055326621,2.1749759344450665,96.49956077006685,29.78723404255319
Can Peguera,41.43428467027986,2.16456333073766,0.0,2.6595744680851063
Museu del Modernisme de Barcelona,41.38890739636273,2.163402681362388,16.062415317957804,0.0
Centre Esportiu Municipal Putxet,41.40972803896788,2.141295887779283,0.0,6.382978723404255
Masia Can Valent,41.43553633390901,2.17975400193275,0.0,0.0
Santa Creu d'Olorda,41.415981372010265,2.0590073481470856,0.0,0.0
Edifici La Maternitat,41.38547614322759,2.1266907591970448,0.0,0.0
El nucli de Santa Eulàlia de Vilapicina,41.43105597129707,2.173127543884692,6.6360942780995495,4.787234042553191
La vila de Gràcia,41.405031103391,2.157519564297269,6.7552074803091,2.127659574468085
Ca l'Aranyó,41.40418745612774,2.192916650968304,8.613373434778076,0.0
Casa Pomar,41.39563961765683,2.170281440902392,18.83179726932984,0.0
Casa Queraltó,41.39305633370552,2.161061569869412,24.785968464779714,0.0
Casa Jaume Forn,41.395288179555614,2.166550686689944,10.602563911677562,0.5319148936170213
Casa Santurce,41.39560141763696,2.166965615442641,14.390363741941247,3.1914893617021276
Casa Granell *Balmes,41.39014919657067,2.1613897653246257,20.770364635290264,0.0
Casa Vallet i Xiró,41.39698989040617,2.166908231079334,18.83179726932984,0.0
El carrer de Canet,41.39869925444347,2.1234442569006,1.107752780548814,3.1914893617021276
Dipòsit del Rei Martí,41.40886213744492,2.1271686577385576,3.3128359364531064,0.5319148936170213
Antiga Subcentral Elèctrica de la Barceloneta,41.37949735138732,2.190007515254681,27.950020129266925,1.0638297872340425
L'Hortet del Forat,41.3874487826944,2.179763332554008,21.471643613298987,5.851063829787234
El Pla de Palau,41.38289712933221,2.1825248996890165,49.607670890222295,4.787234042553191
Colònia Castells,41.387548470347184,2.1392455922096265,0.0,0.5319148936170213
La plaça de Comas,41.38564406822385,2.1297722513988706,6.1909086848413555,0.5319148936170213
La plaça de la Reina Maria Cristina,41.38864240334821,2.126698190734328,0.0,0.0
La plaça de Ramon M. Roca i Sastre,41.38571907130875,2.118772762148288,0.0,0.0
Pilar d'Aigua de la Sagrera,41.4220738556162,2.190885833187442,0.4214790310223388,0.0
Escultura David i Goliat Homenatge a les Brigades Internacionals,41.42487315212389,2.157703561885268,0.0,0.0
Club Natació Sant Andreu,41.43005047129456,2.186313336459395,2.986763545404463,6.914893617021276
Mirador Joan Sales i Vallès,41.41637421536977,2.152799267220405,0.0,0.0
El barri de la Clota,41.42664948190676,2.150985823958698,0.0,0.0
Casa Almirall,41.38238921399351,2.165929295607357,23.50847937108229,0.0
Plaça de les Dones del 36,41.40454220831473,2.153654759838709,5.973527090808928,0.5319148936170213
Círculo Ecuestre,41.395763940464285,2.1540111781345668,5.400294805175469,0.0
Associació d'Emprenedors del Clot - Eix Clot,41.41643869811126,2.181492927401364,1.107752780548814,2.6595744680851063
Rambla de Fabra i Puig,41.43035899926197,2.184527163310618,1.6616291708232214,1.0638297872340425
Jardins Laribal,41.36812384413011,2.158482875531215,16.564179682265532,0.0
Casernes d'Artilleria  de Sant Andreu,41.44395793480301,2.19050806677001,0.0,1.0638297872340425
L'Estació dels FGC de Sarrià,41.39829106263617,2.1250093275396296,0.0,13.829787234042552
Torre Castanyer,41.4078488716108,2.134224907245418,0.0,0.0
Jardins de Joan Brossa,41.36867092135471,2.165012850406953,5.30053749832497,0.0
Parròquia de Sant Genís dels Agudells,41.42798213665874,2.1365982986152545,0.0,0.0
'La Masia' del Barça,41.38164275556459,2.1215489678471395,9.275940622068696,0.0
Museu de Ciències Naturals de Barcelona,41.41081133082032,2.220499449653222,14.576478120393666,10.106382978723405
Centre Cívic Casa del Rellotge,41.35757415322748,2.141406028389017,2.2034200436674354,9.574468085106382
La Fàbrica del Sol,41.383031580266,2.1912801963845494,10.60107499664994,0.0
Jardins de la Tamarita,41.41090504207735,2.1353308120104346,9.938507809359319,0.0
"""Vivendes"" del Congrés Eucarístic",41.42583306266904,2.181536675794661,0.0,0.0
El Campus Raval - UB,41.38407718499735,2.166899934194828,38.549498980093205,7.9787234042553195
Casa Planells,41.4005940299752,2.174625257658432,11.492935098193946,0.0
Castell de Torre Baró,41.45079189503227,2.1761305165721443,3.3128359364531064,3.1914893617021276
Reial Acadèmia de Ciències i Arts de Barcelona,41.38417592716741,2.1707408640195456,50.75860220657208,10.638297872340425
Carrer Major de Sarrià,41.39599155894147,2.1251530428320944,0.553876390274407,0.0
Casa Fornells,41.41373899158243,2.134298941292163,8.613373434778076,0.0
El barri de la Mercè,41.388936898572986,2.1055266224814213,0.0,0.0
Edifici Alhambra,41.403617178236445,2.1397153048637696,0.553876390274407,0.0
El Farró a través del carrer Saragossa,41.40089932712729,2.150867135716541,8.723553146821912,0.5319148936170213
Universitat Internacional de Catalunya,41.406033260654574,2.123231960089889,3.3128359364531064,0.0
Associació Eix Comercial de Sant Andreu,41.434154466273625,2.1880184231321453,2.215505561097628,2.6595744680851063
Biblioteca Barceloneta -  La Fraternitat,41.37923262887593,2.188871640262453,26.65306790941441,2.127659574468085
Institut Vila de Gràcia,41.3986014146248,2.155368115677565,15.093131634977592,0.0
Pavelló de la República,41.43084548288972,2.151482356409003,3.975403123743727,1.5957446808510638
Cementiri Montjuïc,41.35439614126615,2.149011845799688,0.0,2.6595744680851063
Casa Thomas,41.39657596077136,2.1656125429824926,18.13945178148683,0.5319148936170213
Las Golondrinas - Sirenas SA,41.3746514376551,2.1781153021938917,23.189851555171746,1.0638297872340425
Centre Cívic Torre Llobeta,41.42693150965028,2.173966250593847,0.0,7.9787234042553195
Associació de Comerciants i Professionals Barnavasi,41.40545573179054,2.147638695309088,0.0,0.0
Associació Catalana per la Integració i el Desenvolupament Humà,41.40196689745648,2.161132948779616,7.061923975998691,0.0
Antiga Fàbrica Estrella Damm,41.40912820969591,2.178180484218155,0.0,2.127659574468085
Parròquia de Santa Madrona,41.3741976792283,2.164693483626283,23.400433492764456,4.787234042553191
Parc de la Creueta del Coll,41.419264262411424,2.1462520569914068,5.30053749832497,0.5319148936170213
Unió de Cooperatives per a la Fabricació de Pastes per a Sopa,41.37867570317367,2.1681069096683667,12.926760269791403,4.25531914893617
Casa Sarriera,41.382407945809554,2.178630636272102,45.58462248559475,10.106382978723405
Torre Jussana - Centre de Serveis a les Associacions,41.42969190027591,2.15131477992075,1.325134374581242,0.0
Platja de la Barceloneta,41.37861435600187,2.192222242417201,29.815523428077956,0.0
Hospital de la Santa Creu i Sant Pau,41.41544108395991,2.1739598683555683,3.975403123743727,9.042553191489361
Mercat de les Flors Centre de les Arts de Moviment,41.370538264069474,2.157271883570921,5.9631046856155905,18.617021276595743
Impremta Baltasar,41.43211304281075,2.1894065564080645,1.107752780548814,6.914893617021276
Parc Esportiu de Can Dragó,41.436593069404815,2.183157005742885,1.9877015618718636,0.0
Col·legi de Censors Jurats de Comptes de Catalunya,41.39041020339857,2.11279079824562,2.6502687491624854,0.0
L'Auditori de Barcelona,41.39877242493477,2.185159128100962,15.901612494974907,71.27659574468085
Palau de la Virreina,41.38252973907768,2.171726398818812,77.51887199797507,4.25531914893617
Centre Cívic Can Deu,41.38679400774152,2.1325216465394625,2.215505561097628,7.9787234042553195
Parc de Cervantes,41.38456852873157,2.1094394046493576,0.0,0.0
Ca n'Andalet,41.42721189152529,2.153678760813793,0.0,0.0
Centre Cívic Tomasa Cuevas - Les Corts,41.38481868130682,2.1283416789870517,0.0,36.702127659574465
Parc del Centre del Poblenou,41.40679356695045,2.199757373643509,0.0,0.5319148936170213
Mooby Bosque Multicines,41.40139721074222,2.151721868976122,6.646516683292884,0.0
Club Natació Catalunya,41.41535438536336,2.158160977129535,3.3128359364531064,0.0
Sarrià,41.398258662470965,2.1223212146455017,2.215505561097628,0.0
Jardins de Vil·la Amèlia,41.39390619967619,2.1211872573336934,0.0,8.51063829787234
Plaça del Nen de la Rutlla,41.4188254176045,2.1715923368510053,0.0,1.0638297872340425
Casa Granell *Girona,41.39730099114916,2.1680813060601696,13.846909756860176,0.0
Palau Montaner,41.395600440595466,2.1650637423227845,10.93905870791954,1.5957446808510638
Edifici La Rotonda,41.41053474585558,2.1370219362887046,2.6502687491624854,0.0
Hort Urbà Masia Can Soler,41.42502856858588,2.130702385728167,0.0,0.5319148936170213
Drogueria Rovira (Antiga Drogueria Galvany),41.39694983975115,2.14476287679332,9.41589863466492,0.5319148936170213
L'Anella Olímpica,41.36617316365693,2.1525839482341884,15.901612494974907,1.0638297872340425
La Zona Universitària,41.38614602205185,2.116760355882887,0.0,0.0
"El Campus Nord, Ciutat Universitària",41.387167536117424,2.112824395389949,0.0,0.0
Edifici MediaTIC,41.40267993266015,2.1944666095628262,21.714723769263404,2.127659574468085
Platja de Llevant,41.40501510946871,2.217741476714544,25.177553117043608,0.0
Centre Cívic Guinardó,41.41607687588995,2.1733610333293782,1.325134374581242,9.042553191489361
Parròquia de Sant Pacià,41.43166813631247,2.187587402173429,0.553876390274407,2.6595744680851063
Santa Església Catedral Basílica de Barcelona,41.384296570811145,2.1761751314006545,73.25164152881794,23.93617021276596
Club Natació Barcelona,41.37127323270199,2.187849724478972,19.877015618718637,0.0
Vil·la Joana. Museu d'Història de Barcelona,41.41954329767189,2.099950499346553,3.975403123743727,0.0
Ateneu Barcelonès,41.38468020491708,2.171664567764501,44.86398761222697,10.638297872340425
Parròquia de Santa Maria del Remei,41.386892522386965,2.132098891535344,2.7693819513720355,7.9787234042553195
Fundació Suñol,41.38265181042153,2.126410211337908,5.752053237068449,0.5319148936170213
Associació de Comerciants i Veïns de Creu Coberta,41.37602040585622,2.143153879462518,5.1233566100382655,1.0638297872340425
Fundació Universitaria Agustí Pedro Pons,41.40660960989669,2.1141838297013127,0.0,0.0
El Born. Museu d'Història de Barcelona,41.38567300413077,2.183585604443325,39.460714976996265,4.25531914893617
Teatro de los Sentidos,41.36425978367883,2.1432333432874637,0.0,0.0
Monestir de Santa Maria de Valldonzella,41.41187688269559,2.131008959069784,2.6502687491624854,0.0
Parròquia de Maria Auxiliadora,41.394938605535096,2.1278275709059584,0.0,0.0
Parròquia de Sant Medir,41.36984160255108,2.1377566200682048,0.0,2.127659574468085
Centre de Reunions i Convencions UAB Casa Convalescència,41.41379174747705,2.176910232352591,4.637970311034349,0.0
Palau Robert,41.396132216710285,2.159531980047189,22.094010094843885,3.723404255319149
Cementiri Sant Andreu,41.437412139312414,2.1790301618213404,0.0,0.0
Jardins,41.43651987559525,2.1413388044305384,3.975403123743727,0.0
Casal Cívic i Comunitari Barcelona - Can Guardiola,41.4299594840632,2.188553382391543,1.6616291708232214,9.574468085106382
Monument Arc de Triomf de Barcelona,41.39108086341498,2.1807039051520003,18.888376040379374,1.5957446808510638
Torre Bellesguard  Gaudí - Casa Figueres,41.40916538840938,2.126832670465789,3.975403123743727,0.5319148936170213
Platja de la Mar Bella,41.39857924467329,2.2123276980931683,26.50268749162485,0.0
Seu del Districte de Sarrià-Sant Gervasi,41.39912976584916,2.1214123028583627,7.852537855664576,3.723404255319149
Jardí Botànic de Barcelona,41.362685495322765,2.156846833156892,0.0,2.6595744680851063
Centre Cívic  Vil·la Urània,41.40144911965885,2.149816841793133,4.984887512469664,57.4468085106383
Casa Vilaró,41.41136623661588,2.151433629959552,0.0,0.0
Moll de la Fusta,41.37903656788793,2.181832960571753,4.637970311034349,2.127659574468085
Casa Lleó Morera,41.391311136498935,2.165491865898989,68.34715542783972,7.9787234042553195
Ateneu  Sant Andreu,41.4324898639079,2.1853030314588358,0.0,6.382978723404255
Centre Cívic Can Castelló,41.39904051559378,2.140179532716965,0.0,5.319148936170213
Casa Casas-Carbó,41.395481069803886,2.1613599645166035,44.97863406935366,7.9787234042553195
Casa Antoni Costa,41.39516263147227,2.15817039068309,10.048687521403153,0.0
Casa Comas d' Argemir,41.4107909301786,2.145865303185273,0.0,0.0
Mercat Sant Andreu,41.43489312913732,2.1883934902332927,4.648392716227685,4.787234042553191
Centre Cultural La Farinera del Clot,41.40487897583886,2.18840476699031,2.6502687491624854,6.382978723404255
Refugi 307.  Museu d'Història de Barcelona,41.37107815965785,2.166220058300664,1.246221878117416,1.5957446808510638
Pavellons d'Entrada de l'Antiga Finca Güell,41.38849058797558,2.1208592991305357,0.0,0.5319148936170213
Oratori de Sant Felip Neri *Gràcia,41.40200153642768,2.1556884231723643,10.939058707919541,4.787234042553191
Hotel Casa Fuster - HB-004219,41.39801599366713,2.158025884692545,24.65643285737683,0.5319148936170213
Disseny Hub Barcelona,41.402601111692825,2.1880498461023428,19.214448431428014,10.638297872340425
Fundació Privada Centre de Producció Artística i Cultural Palo Alto,41.40453754416711,2.210261414480815,4.637970311034349,0.5319148936170213
Jardinets de Salvador Espriu,41.39768032787045,2.158061333032838,24.181468963566246,0.5319148936170213
Mercat Boqueria - Sant Josep,41.38204889437501,2.17227075910574,90.68236975715794,2.6595744680851063
Casa Josep Castelló,41.40922522099331,2.1583254055522816,0.0,0.0
Casa Martí Trias i Domènech,41.41350924872243,2.1531271963876577,22.527284367881126,0.5319148936170213
Casa Rosa Alemany,41.40737731100891,2.14863345725769,1.9877015618718636,3.1914893617021276
Casa Serès,41.404039707549934,2.156628602714139,29.20506826675401,2.6595744680851063
Mercat Santa Caterina,41.38639488164491,2.1781771121189712,25.72398493217992,0.5319148936170213
Carrer Aiguafreda,41.42673221154588,2.1594552433114487,0.0,0.0
Casa Anoll,41.40044227869542,2.1610663164262904,6.6465166832928855,0.0
Casa Barangé,41.413399023929664,2.144460106814436,0.0,1.5957446808510638
Gerència Urbanística Port Vell de l'Autoritat Portuària de Barcelona,41.37792481602983,2.1782341227997044,14.697080237630837,0.0
Universitat de Barcelona,41.38657708352391,2.164030568391206,28.393609576701454,1.5957446808510638
Parròquia de Sant Pere de les Puel·les,41.38922892058108,2.1792430187092746,17.456039783809537,0.5319148936170213
"BAU, Centre Universitari d'Arts i Disseny de Barcelona",41.39772635565731,2.195641449471245,7.288239060196832,0.0
Museu Tàpies,41.39155351265377,2.1637754588196367,59.95116358709408,6.382978723404255
Parròquia de Santa Maria del Pi - Basílica,41.38233930831356,2.1737942555699594,88.56811041793844,8.51063829787234
Jardins del Turó del Putxet,41.40774734930597,2.1425177258809422,0.0,0.0
Parc de Monterols,41.40161305479784,2.1397735122452017,0.553876390274407,0.0
World Trade Center,41.37109064113994,2.1823636757953957,12.588776558521802,0.5319148936170213
Centre Moral i Instructiu de Gràcia,41.4011467607569,2.1547866320723554,11.492935098193946,7.9787234042553195
Parròquia de la Verge de Gràcia i Sant Josep,41.4065945273656,2.1489419133653587,1.325134374581242,1.0638297872340425
Casa Gustà,41.41041608639633,2.160063116454555,1.6109868874797395,0.0
Cafeteria Restaurant Cafè de l'Òpera,41.38091335380008,2.173782143732884,98.73442222652352,16.48936170212766
Platja del Bogatell,41.39460267821261,2.2067544978597606,26.50268749162485,0.5319148936170213
Biblioteca Montserrat Abelló,41.38373133027636,2.135305845435044,3.3128359364531064,6.382978723404255
Sant Andreu Teatre,41.43061427405158,2.1889212140974257,2.215505561097628,13.829787234042552
Mercat Guineueta,41.43865254771624,2.170245672758619,0.0,2.127659574468085
Edifici de La Model,41.38346653721597,2.145384599812989,0.0,5.851063829787234
Palau de la Música Catalana,41.38736310291296,2.1751754135417323,33.240027991602524,100.0
Parròquia de Santa Maria de Gràcia,41.39833719125325,2.1579647021625696,24.963149353066417,0.5319148936170213
Hort Urbà Masia Can Mestres,41.35971541159925,2.145157408726708,0.0,0.0
Parròquia de Sant Vicenç de Sarrià,41.39948172834851,2.121111403839136,8.406414245938983,3.723404255319149
Institut Químic de Sarrià - Campus Sarrià - IQS,41.40379591152728,2.1194605457742592,1.325134374581242,0.0
Casa Museu Gaudí,41.41481232125404,2.1550643342300395,0.0,0.0
Parc de Joan Miró,41.37726829547463,2.1493406545619487,21.8260053898724,2.127659574468085
Club Tennis La Salut,41.41234042111287,2.15819198579813,3.3128359364531064,0.0
Parròquia de la Mare de Déu del Coll,41.420132063616215,2.151319417179658,0.0,5.319148936170213
Parc de Can Sabaté,41.36437449049291,2.137749555318519,0.0,0.0
Jardins Mestre Balcells,41.40765541373202,2.15412689316291,0.0,0.5319148936170213
Casal de Barri Font d'en Fargues,41.424333431530485,2.1652481090205704,0.0,7.446808510638298
Base Nàutica Municipal de la Mar Bella,41.39653535209156,2.2097712400521687,27.165254678915474,0.0
Casa Lamadrid,41.39694691705839,2.1681807052555757,15.587451424147222,0.0
"Espai Gaudí: Pis, Golfes i Terrat",41.39534759002928,2.162061079088016,42.29858701963878,7.9787234042553195
Parc de la Ciutadella,41.38633657544665,2.185381778970792,13.251343745812425,1.5957446808510638
Jardins de Ramon Margalef i López,41.36609351846864,2.152965473661524,15.901612494974907,0.0
Parc del Castell de l'Oreneta,41.39940218424315,2.112199777559347,0.0,0.5319148936170213
Turó Park - Parc del Poeta Eduard Marquina,41.39410523623182,2.1419158924657906,4.648392716227685,1.5957446808510638
Parc Sanitari Pere Virgili,41.41495508215848,2.140265906627508,2.6502687491624854,0.0
Casa Garriga Nogués,41.38892310014807,2.165254832995529,25.872876434941855,0.0
Parc de Sant Martí,41.41989650584673,2.198051769477209,0.0,0.5319148936170213
Cases Leandre Vidal,41.40086949415278,2.160109975770286,10.800589610350938,0.0
Edifici Puiggròs,41.39966543105189,2.1592603871633957,17.447106293643824,0.0
Casa Rubinat,41.40487709704659,2.157716680356859,7.862960260857914,1.0638297872340425
Col·legi Oficial de Metges de Barcelona,41.404236241777,2.129341454867993,0.0,0.0
Hospital  Sociosanitari Mutuam Güell,41.411445154741465,2.1567276831754065,0.0,0.0
El Parc del Fòrum,41.41106682138965,2.221714876463801,10.60107499664994,2.6595744680851063
L'Aquàrium de Barcelona - Aspro Parks,41.37680536906014,2.1843840154597025,29.815523428077956,2.6595744680851063
Casa Elisa Bremon d'Espina,41.399646914660494,2.155601559279648,18.000982683918227,0.0
Casa Eloy Detouche,41.406698383788495,2.16476312511361,0.008629097064964425,0.0
Casa F. Homet,41.40368647833563,2.1524799804849275,5.864836293792714,2.6595744680851063
Casa Feliu Iglesies,41.402178366408194,2.152775398750866,7.200393073567293,0.0
Casa Tomàs Valls,41.41098981404602,2.156053352602201,0.0,0.0
"Àntic Edifici de Catalana de Gas i Electricitat, SA",41.385810987300985,2.173038152640421,29.90932507481798,0.0
Can Mora,41.41790973374814,2.151042845959997,0.0,0.5319148936170213
Can Muntaner de Dalt,41.41350924872243,2.1531271963876577,22.527284367881126,0.5319148936170213
Can Trilla,41.40354926420721,2.1519292949349675,7.852537855664576,2.127659574468085
Parc de Diagonal Mar,41.40849031137141,2.212231951523546,5.30053749832497,0.0
Plaça del Rei,41.38399153606988,2.177312208308455,87.4737578726382,10.638297872340425
Pla de l'Os - La Rambla,41.38140185945734,2.173363232841329,99.99999999999999,0.5319148936170213
El camp de la Creu,41.388763523980295,2.140180281885298,0.0,0.0
Parròquia rural de Santa Maria de Vallvidrera,41.41903790688767,2.0986366212851304,0.0,4.787234042553191
Cases Antoni Par,41.40569413888112,2.150627501849931,2.1665069702091513,0.5319148936170213
Cases de menestrals,41.40077634268316,2.160468302707204,8.169676756547505,0.0
Cases Folguera,41.40193073549308,2.158860787647023,19.247204562035645,1.0638297872340425
Edifici Modernista Avinguda República Argentina 28,41.408491676806655,2.147416989049893,0.41540729270580523,0.0
El carrer de Bonavista,41.39773291366716,2.1587099305698554,25.259443443562674,0.5319148936170213
El Vapor Nou,41.40183443187984,2.160694112661664,9.138960439527716,0.0
Kasa de la Muntanya (KM),41.4104399702781,2.154195493067497,0.0,0.0
Àntiga Fàbrica de Làmpades Z,41.36098326639913,2.1378661758058857,0.0,7.9787234042553195
Ca l'Estruc- Convent de les Germanes de l'Assumpció,41.43553951634989,2.1880199202730286,4.4205887170019205,3.723404255319149
La Lleialtat Santsenca,41.37291765088582,2.13669817907462,0.0,10.106382978723405
Casa Josep Barnoles - La del Mico i el Gos,41.4116517136051,2.160396764857864,1.9877015618718636,7.446808510638298
Museu Etnològic i de Cultures del Món *Parc Montjuïc,41.36909366060917,2.156001328720349,1.325134374581242,1.5957446808510638
Masia Can Rosés,41.38827496816367,2.1348326553076955,9.41589863466492,1.0638297872340425
Hotel Peninsular - HB-003154,41.37962578754925,2.1725113181323525,42.01420424936349,14.893617021276595
Carrer Avió Plus Ultra,41.40033306045677,2.122019654847453,4.757083513243899,5.851063829787234
Bar Colòmbia,41.43001110132735,2.1895226462085007,1.107752780548814,13.829787234042552
Parròquia de Sant Ramon Nonat,41.37603719947376,2.11709281902244,0.0,0.5319148936170213
Mural de la Memòria de Baró de Viver,41.4478129864912,2.1984226201584325,0.0,0.5319148936170213
Plaça dels Àngels,41.38301191729433,2.1678110837805957,22.390304185340145,6.914893617021276
Molí de Sant Andreu - Rec Comtal,41.44306589381739,2.194021800571192,0.0,0.0
Escola Superior de Música de Catalunya,41.39877242493477,2.185159128100962,15.901612494974907,71.27659574468085
OikoCrèdit Catalunya,41.39204185286289,2.174070233465704,22.57046290368209,0.0
Restaurant El Asador de Aranda *Av Tibidabo,41.41349245462936,2.1344802209567293,7.950806247487455,0.0
Palau de Mar,41.3808386412199,2.1858736814996145,14.912972916635646,5.319148936170213
Can Fabra,41.43487059872311,2.190607460580104,4.094516325953277,19.148936170212764
Fundació Joan Brossa,41.385220679624325,2.1823673277242173,54.16821761982044,13.297872340425531
Residència Assistencial per a Gent Gran Refugi d'Obreres,41.40830297314985,2.1482112139978766,0.0,0.5319148936170213
Casa Comalat,41.39708330346534,2.1607220347024616,22.56004049848875,1.0638297872340425
Restaurant Casa Tejada,41.39505269147344,2.142108289092796,7.309083870583506,0.0
Casa Eudald Obradors,41.410579233171234,2.1458839653210964,0.0,0.0
Casa Gaspar Galí,41.40265208001168,2.1558495685461287,14.83554933519944,9.042553191489361
Casa Manuel Colchero,41.41156230116295,2.160231915914634,1.325134374581242,0.0
Casa Miquel Cal Millàs,41.4031305099263,2.157560504523872,19.909771749326268,10.106382978723405
Casa Pere Jaqués,41.41285094265032,2.152378393383484,15.901612494974907,2.6595744680851063
Casa Ramos,41.4061899908628,2.149575785577088,0.553876390274407,1.5957446808510638
Associació de Botiguers i Professionals Eix Maragall,41.42197707927703,2.1784702505689157,1.6616291708232214,1.0638297872340425
La rambla del Prat,41.4018619863958,2.152769925875062,7.7542694638417,0.0
Masoveria de la Virreina,41.40418669162275,2.1582068161840007,11.077527805488142,0.5319148936170213
La plaça del Poble Romaní,41.40183443187984,2.160694112661664,9.138960439527716,0.0
Villa Esperanza,41.41363246951803,2.146376241035286,0.0,1.0638297872340425
Colònia Bausili,41.35303880848997,2.1435520408982858,0.0,0.0
Biblioteca Vapor Vell,41.37692859666653,2.134751788846474,3.3232583416464427,2.6595744680851063
Pont de Calatrava (Bac de Roda - Felip II),41.416166339580734,2.1924102551677853,4.637970311034349,0.0
Parc Torrent Maduixer,41.4157696917074,2.1353909998606846,4.637970311034349,0.0
Torre de la Catalana de Gas,41.38205967912699,2.1938398880660617,22.527284367881126,0.5319148936170213
Centre Excursionista Els Blaus,41.39817327414662,2.123617721295924,1.107752780548814,13.829787234042552
Edifici d'habitatges Gran de Gràcia 74*76,41.40008719962975,2.1553848011746144,18.000982683918227,0.5319148936170213
Funicular Vallvidrera - FGC,41.41422846437415,2.1059462512020857,3.975403123743727,0.5319148936170213
Funicular Tibidabo - Cuca de Llum,41.41631050210694,2.131411684356236,6.625671872906211,0.0
Centre Cívic Pere Pruna,41.40320904460328,2.13132023534547,0.0,19.680851063829788
Museu Picasso,41.38518764927223,2.180853795205005,57.007578577490584,17.02127659574468
Casa Marsans - Alberg Mare de Déu de Montserrat - AJ000084,41.41618949683218,2.14686630713938,0.0,0.0
Casa Cama i Escurra,41.39828230438417,2.157088195204451,20.20606583982252,0.5319148936170213
Pis - Museu Habitatge 1/11,41.44097555447716,2.190352662404392,3.975403123743727,1.5957446808510638
La Plaça de Sant Jaume,41.38254213182859,2.1771735683501343,69.67526763247622,6.914893617021276
Centre Esportiu Municipal Can Caralleu,41.40098699374353,2.1105047906383008,0.0,0.0
Museu Frederic Marès,41.38420549734736,2.17695685162379,83.26012834447536,19.148936170212764
Mercat Clot,41.40761694241932,2.188644372365021,11.83836338460164,1.5957446808510638
Mercat Poblenou - Unió,41.40102174848232,2.205429196399153,4.757083513243899,1.5957446808510638
Restaurant Casa Trampa,41.41319781754193,2.104516277534671,0.0,1.0638297872340425
Església de Nostra Senyora de Pompeia,41.39646355499734,2.1581534123611474,13.826064946473503,1.0638297872340425
Tinta Invisible Edicions,41.3820675489832,2.165078437655472,21.307846580149054,5.851063829787234
Fundació Orfeó Gracienc,41.404734139288166,2.156423120771882,26.341739548988297,3.1914893617021276
Parròquia de Sant Joan de Gràcia,41.40533710606837,2.1567122726022543,12.055744978634069,2.127659574468085
Teatre Grec,41.36812384413011,2.158482875531215,16.564179682265532,0.0
Poble Espanyol de Barcelona,41.36914809976752,2.1467430809493484,10.60107499664994,11.170212765957446
Casal Sant Jordi,41.38944576760637,2.1713337865477698,28.247695903994764,3.1914893617021276
Casa Vicens,41.4035372452986,2.1505869815611334,8.623795839971413,3.723404255319149
Palau Güell,41.379087185159,2.174439557713116,73.70129386715901,8.51063829787234
Centre Cívic Casinet d'Hostafrancs,41.37785807405671,2.1432215181756806,2.35397465866623,8.51063829787234
Temple Expiatori de la Sagrada Família - Basílica,41.403953130630256,2.173925859874078,54.669981984128164,6.914893617021276
Conservatori Municipal de Música de Barcelona,41.39590030798757,2.1680371208078077,17.792534580051516,5.319148936170213
Cementiri Sant Genís,41.42798213665874,2.1365982986152545,0.0,0.0
Platja de la Nova Mar Bella,41.401144617626905,2.2142493854271126,18.551881244137395,0.0
Parròquia de la Mare de Déu de Lourdes,41.37309762127584,2.1560110122944107,5.954171195449876,1.5957446808510638
Museu,41.368292261821246,2.1601492925476364,16.564179682265532,6.382978723404255
Platja de l'Espigó del Gas,41.38135119070231,2.19521287162423,19.214448431428014,0.0
Reial Club Nàutic de Barcelona,41.377238724292056,2.1830264347318584,21.20214999329988,0.0
Farmàcia Reixach-de Pablo,41.435618295520094,2.1896359516105504,5.538763902744071,23.404255319148938
Filmoteca de Catalunya,41.378633698248855,2.171026973674133,16.062415317957804,9.574468085106382
Parròquia de Sant Josep Manyanet,41.42900359854308,2.1914231867699456,2.6502687491624854,0.0
Pla de la Seu,41.38425392967717,2.1758673829595696,71.95628545478908,22.340425531914892
Hotel España - HB-000073,41.37998177436281,2.1728476146789286,60.379971115048455,15.957446808510639
Centre Cívic Sant Andreu,41.43088018380354,2.1894124386376466,2.215505561097628,19.148936170212764
Escola Massana Centre Municipal d'Art i Disseny,41.380953983657726,2.1708053338176225,43.52545300239716,9.574468085106382
Institut Français de Barcelone,41.39528348612812,2.1517956248758305,5.815702097881274,0.0
Fàbrica de Creació Nau Ivanow,41.4199791609378,2.1899651964541302,0.0,1.0638297872340425
Museu Marítim de Barcelona,41.37598140054482,2.176059209800324,19.214448431428014,15.425531914893616
Seu del Districte de Sants-Montjuïc,41.3754087791269,2.142274392316013,6.508047585724284,2.6595744680851063
Funicular de Montjuïc -TMB,41.37479599283319,2.1703264205028834,11.354466000625346,59.04255319148936
Jardins de Magalí,41.38491336528375,2.1335326462367803,0.0,2.127659574468085
Reial Club de Polo de Barcelona,41.381284762938655,2.1144500349192548,2.6502687491624854,0.5319148936170213
Mercat Horta,41.42921857676913,2.1573096628601407,0.0,0.0
Casa Terradas - Casa de les Punxes,41.39789455388375,2.1638579681725147,16.595446897845537,0.5319148936170213
Escola Superior de Disseny i d'Art Llotja,41.40260219806344,2.136130474690944,7.29866146539017,0.0
Forn de Pa de Can Tur,41.43201793483495,2.1933483941178187,0.0,0.0
Museu Reial Monestir de Santa Maria de Pedralbes,41.395605165759946,2.112075084546918,6.625671872906211,7.446808510638298
Col·legi d'Arquitectes de Catalunya,41.38447776866129,2.175059343001021,51.84253234667898,14.893617021276595
Reial Club de Tennis Barcelona - 1899,41.39369047981739,2.118331914254848,2.6502687491624854,0.0
Centre Educatiu Thau,41.38764005512567,2.10528876791072,0.0,0.0
Parc de les Aigües,41.41357708464317,2.1654810232921857,0.0,2.127659574468085
Parc de la Guineueta,41.43904973751512,2.1744888744706907,1.6616291708232214,1.5957446808510638
Edifici Talaia Barcelona,41.39084065982192,2.1394911073808047,0.0,0.0
L'Hort del Cànem,41.39913958472813,2.200783316686378,2.7396036508196477,1.0638297872340425
Museu Egipci de Barcelona,41.39365756520606,2.1647541605952405,20.354957342584456,5.319148936170213
Obelisc del Cinc d'Oros,41.396517237885504,2.159512198746821,20.63040662269404,3.723404255319149
Velodrom Municipal d'Horta Miquel Poblet,41.43723757663772,2.1495946440435265,4.637970311034349,0.0
Can Pardal,41.40285879796171,2.156185776031604,19.752181750088116,3.723404255319149
Museu d'Arqueologia de Catalunya,41.37018541324514,2.1576640200328425,8.613373434778076,18.617021276595743
Parròquia de la Santíssima Trinitat,41.45031653850258,2.1904799871347125,0.553876390274407,1.5957446808510638
Memorial en Record de les Víctimes de Trànsit,41.39460267821261,2.2067544978597606,26.50268749162485,0.5319148936170213
Escultura Fray Pedro Ponce de León,41.40440352665176,2.163008249478441,2.7693819513720355,0.0
Espai de Memòria de les Catorze Roses,41.38499263558753,2.1048876282791307,0.0,0.0
Pati Geològic,41.38437037725497,2.1197216758551365,0.0,0.0
Restaurant Bonanova,41.40621100936792,2.135031384521928,0.0,7.446808510638298
Cementiri Sant Gervasi,41.4111553532629,2.1266252111412056,0.0,0.0
Cementiri d'Horta,41.4404241840174,2.156066057589673,0.0,0.0
Parc de la Maquinista per les treballadores i els treballadors de la Maquinista,41.43644435327476,2.195536965654686,0.0,0.0
Casa Muley-Afid,41.40386449496666,2.1286747551139507,0.0,0.0
Teatre Lliure,41.37067944906853,2.1574493260272294,5.9631046856155905,18.617021276595743
Centre Comercial Westfield Glòries,41.40497574863421,2.1925213552739606,7.516043059422598,0.0
Facultat de Comunicació i Relacions Internacionals Blanquerna - URL,41.38353764764212,2.166272793410519,37.49088039545583,7.9787234042553195
Parc de la Trinitat,41.449268825219306,2.1956548753915466,0.0,0.0
Antiga Fàbrica d'Estampació Tèxtil Can Ricart,41.40922632383825,2.1981716288388373,3.975403123743727,0.0
Font Pública,41.40022209501887,2.1561312297043247,19.247204562035645,1.0638297872340425
Spotify Camp Nou,41.380806951232216,2.1228764926605805,17.88931405684677,10.106382978723405
Parc del Poblenou,41.39727971819072,2.207470604184096,11.926209371231181,0.0
Escola Josep Maria Jujol,41.3981893830587,2.15589597296444,14.400786147134582,0.0
Estació d'Autobusos Barcelona Nord,41.394325719298415,2.182338154669274,0.0,0.5319148936170213
Estadi Olímpic de Montjuïc Lluís Companys,41.36474508399185,2.155681394867584,9.938507809359319,3.1914893617021276
Residència Salesiana Martí Codolar,41.42844354375264,2.150872845796388,0.0,0.0
Masia Ca l'Armera,41.42562795245565,2.183215458926026,0.0,0.5319148936170213
Casa Llopis Bofill,41.39767792794139,2.169479497833732,13.016095171448566,0.0
Torre de Collserola,41.41586341604361,2.111785952453742,0.0,0.0
Centre Educatiu CETT - Escola d'Hoteleria i Turisme,41.43485061254671,2.1481555754807795,3.975403123743727,0.0
Fàbrica de Creació Hangar,41.408601288709,2.199379275633804,6.625671872906211,0.0
Centre Comercial Diagonal Mar,41.41045744398306,2.2164227599409685,19.46309724104045,0.0
Museu de Carruatges del Foment,41.43386840494578,2.149802728490179,1.3590256558659184,0.0
Facultat de Psicologia i Ciències de l'Educació i de l'Esport Blanquerna - URL,41.41191420929642,2.1333279293214424,6.625671872906211,0.0
Palau de Congressos *Pavelló 5,41.37241483260608,2.1518889546104605,17.226746869556152,0.5319148936170213
Casal de Barri Pou de la Figuera,41.38819881761839,2.17865660673348,22.786355582686895,4.787234042553191
Acàdemia Blancafort - Antiga Editorial Seguí,41.39878162390739,2.1609062506181,20.078019147447257,0.0
Casa Claudi Alsina,41.40696749282559,2.150890882782789,2.8462530209758845,0.0
Jardins de Joan Maragall - Palauet Albéniz,41.36650914688828,2.1562276622830514,3.975403123743727,2.6595744680851063
Jardins de Massana,41.42704189433846,2.1785261828350926,0.6510981980790875,9.042553191489361
Torre Glòries,41.40347629324701,2.189815009628469,15.23904530768429,11.170212765957446
Zoo de Barcelona,41.386153673583415,2.1871870138081797,3.975403123743727,2.127659574468085
Club Esportiu Europa,41.41204361291409,2.1604194727546537,4.929435358584032,7.446808510638298
Seu de l'Antiga Hidroelèctrica de Catalunya,41.39192618305821,2.182863588545234,0.0,0.0
Associació Sants Establiments Units,41.37607095558091,2.136838762891396,11.294909399520568,18.085106382978722
Casa Enric Cera,41.40467490062874,2.1573773724992016,13.945178148683054,2.6595744680851063
Casa Girona i Cuyàs,41.39819978132556,2.1575989671703684,24.13233476765481,0.5319148936170213
Casa Joan Matas,41.39939919545339,2.158955446305032,18.970266366898443,0.0
Casa José de Ugarte,41.407908057431946,2.1523730608821405,0.2145237696962008,0.0
Casa Víctor Conill,41.397802872401726,2.157352034558083,20.977323824129357,0.5319148936170213
"Xemeneia de l'antiga Fábrica ""La Porcelana""",41.3730269153328,2.144526050663452,4.292542024626655,0.5319148936170213
La plaça del Raspall,41.401314262013386,2.160701296482157,8.112220371801,0.0
La Plaça del Setge de 1714,41.3742315617575,2.161040561834341,12.739156976311362,0.0
Torre de Sant Jordi,41.413865507094485,2.145538840084051,0.0,0.0
Villa Conchita o Casa dels Metges,41.41921321493736,2.148484310850028,6.625671872906211,0.5319148936170213
Jardins del  Baix Guinardó,41.40977850723608,2.168658421542334,0.0,0.5319148936170213
Escola la Farigola de Vallcarca,41.4138319736047,2.146680968580762,0.0,1.0638297872340425
Associació Nou Barris Centre Comerç,41.44133560174434,2.176213867579158,5.197674798924843,0.0
Farmàcia Clapés Viñas,41.43381060796746,2.1892905825595,2.215505561097628,8.51063829787234
Teatre Coliseum,41.38819696920227,2.166179379678894,26.10068043416762,9.042553191489361
Centre Cívic El Coll - La Bruguera,41.41860650477411,2.149915320833742,0.0,9.042553191489361
Font Hércules,41.40222084859364,2.1663348303868437,0.0291797034430618,0.0
Parc d'Atraccions del Tibidabo,41.42161843553102,2.118740285636823,27.165254678915474,4.25531914893617
IL3 Institut de Formació Contínua - Universitat de Barcelona,41.40277794946352,2.192149004479942,9.275940622068696,0.0
Palau de Congressos de Catalunya,41.38351274680861,2.109683125759429,3.3128359364531064,0.0
Palau Reial de Pedralbes,41.38654937434819,2.1184352989192647,0.0,0.0
Casa Amatller,41.39161297296296,2.165112890687213,71.49174396617184,7.9787234042553195
Antiga Seu Editorial Gustavo Gili,41.38610655947061,2.147565662886036,4.740643399176259,1.0638297872340425
Mercat Hostafrancs,41.37516234439833,2.143853943380838,10.385182317645132,3.1914893617021276
Jardins de Can Sentmenat,41.40262028359711,2.115102292721839,0.0,0.0
Mercat Sants,41.37474144032811,2.133754628418325,4.984887512469664,2.6595744680851063
Casa Martí - Els Quatre Gats,41.38603997054996,2.1735178081132696,29.77085597724938,0.0
Associació Sant Martí Eix Comercial,41.42025966854083,2.1998166979222726,3.6209541319112724,1.0638297872340425
Centre Cívic Can Basté,41.4304874584176,2.173233437180801,7.852537855664576,4.787234042553191
Jardins Ferran Soldevila,41.3865770289631,2.16403049732852,28.393609576701454,1.5957446808510638
Club Tennis Barcino,41.40829605865302,2.138411353701733,2.6502687491624854,0.0
Estació de França,41.38390532899724,2.1871972542686304,3.3128359364531064,0.0
Carrer Gran de Sant Andreu,41.43612543255933,2.189879647556801,5.538763902744071,23.404255319148938
Centre Municipal de Vela,41.38842104043444,2.2016968649217765,21.647335586558075,1.0638297872340425
Associació Rambla de Catalunya,41.39077433577668,2.163589599574425,47.28347453210845,6.382978723404255
Clínica Sant Jordi,41.43675865439791,2.193077895717268,0.0,4.25531914893617
Parròquia de la Mare de Déu de la Mercè i Sant Miquel Arcàngel - Basílica,41.37942517988621,2.1795802549065177,26.694757530187754,1.5957446808510638
Parc Metropolità Collserola,41.42098586112135,2.099587929673552,0.0,1.0638297872340425
Farmàcia de Bolós Giralt,41.39166621624898,2.162424791257872,25.517025743340827,0.5319148936170213
EINA - Centre Universitari de Disseny i Art de Barcelona,41.40287986302204,2.114333805752234,0.0,0.0
Bar Musical London Bar,41.37814933333809,2.1731803971737738,28.177716897696648,12.23404255319149
Casa - Fàbrica Erasme de Gònima,41.38013776152317,2.166732403540656,17.92344042889868,0.0
Residència Assistida per a Gent Gran Llars Mundet,41.43575541409688,2.147158169831797,0.0,0.0
Observatori Fabra,41.41877190341054,2.1236452624703155,0.0,0.5319148936170213
Ateneu Popular de Sants,41.37650856330917,2.1388908758746004,8.58508404925331,0.5319148936170213
Camp Municipal de Futbol Narcís Sala,41.42889692238828,2.1930944831499715,5.9631046856155905,11.170212765957446
Escola Lluís Vives,41.37186290045591,2.1280851779733574,0.0,1.0638297872340425
Plaça de la Mercè,41.37939878522798,2.1795617635934748,25.17159745693313,1.5957446808510638
Reials Drassanes de Barcelona,41.375981756802304,2.1760573876381613,19.214448431428014,15.425531914893616
Federació de Comerciants de Barna Centre,41.38337742829775,2.177171627621828,89.77859833539299,14.361702127659575
Farmàcia Guinart Gómez de Arteche,41.43709201717534,2.18973464583348,6.230722878566712,0.5319148936170213
Església Antic Institut Mental,41.43699356015132,2.1691554098488184,0.0,1.5957446808510638
Associació d'Amics del Passeig de Gràcia,41.39305273394126,2.161334369208631,25.616783050191327,0.0
La Plaça dels Indians,41.42345483645125,2.182535991490844,1.6616291708232214,0.0
Carrer de les Monges,41.430689656123576,2.187943106250125,2.215505561097628,9.574468085106382
Seu del Districte de Nou Barris,41.4368445525108,2.1712296246319656,4.637970311034349,9.042553191489361
Parc del Clot,41.40847228003916,2.1900153665666733,2.432887155130056,0.5319148936170213
Foment Republicà de Sants. Antic Ateneu Batllori,41.37489008455714,2.1380612359989244,7.200393073567293,0.5319148936170213
Casa del Guarda -  Espai d'Interpretació del Pantà de Vallvidrera,41.415598383773975,2.0973845422401483,3.975403123743727,0.5319148936170213
Floristeria Flora Miserachs,41.40098051100123,2.12109349397744,0.0,6.382978723404255
Centre Educatiu Monlau Sagrera,41.42299752907012,2.1906007422317457,0.0,0.0
Hospital Evangèlic,41.40134426251321,2.1943465696873985,9.275940622068696,0.0
La Rambla del Raval,41.37888562756235,2.1691786660708967,17.219302294418057,0.0
Parc de la Barceloneta,41.38205501687279,2.193838416918405,22.527284367881126,0.5319148936170213
Parc Científic de Barcelona,41.38184573119936,2.116442974830661,0.0,0.0
Monument a Josep Tarradellas,41.386548699111046,2.143065853774402,2.393292544011459,0.0
Cases modernistes del carrer de Sants,41.37547034603628,2.1327032048740047,6.092640293018478,0.0
El Rec Comtal,41.46478662529261,2.1857427165784453,0.0,0.0
Jardins del Rector Oliveras,41.39479752399747,2.1678356444626248,9.91021842383455,1.5957446808510638
Escullera del Port de Barcelona,41.3576877479369,2.179383881515306,0.0,0.0
Cases Barates del Bon Pastor,41.43783366096427,2.206192154035402,0.0,0.5319148936170213
Centre Superior de Disseny IED Barcelona,41.40542058928409,2.1549809717403154,14.369518931554575,0.0
Palau Macaya,41.39987499692392,2.16943219323842,0.553876390274407,4.787234042553191
Mercat Concepció,41.39556815947775,2.169071648271845,18.465524172535474,5.319148936170213
Mercat Sant Antoni,41.37897269453997,2.162393771599188,8.031207658978902,4.787234042553191
Park Güell,41.41281810185847,2.1523549505739523,13.913910933103045,2.6595744680851063
Parc del Laberint d'Horta,41.43795704876439,2.1475613087947547,0.0,0.5319148936170213
Parc del Guinardó,41.41948943678852,2.169613897166294,0.0,0.0
Parc del Turó de la Peira,41.43346223343624,2.1634471242007627,0.0,2.6595744680851063
Casa de l'Aigua. Museu d'Història de Barcelona,41.45463864239669,2.189729096932418,0.0,1.0638297872340425
Fàbrica de Creació La Escocesa,41.41127532997013,2.203844026804752,0.0,0.5319148936170213
Casa Serra,41.39562747870579,2.157534429798631,6.0628619924660905,0.0
Escola Mossèn Jacint Verdaguer,41.37332070884572,2.154824350891146,2.492443756234832,2.6595744680851063
Refugi Antiaeri de la Plaça del Diamant,41.40399370440121,2.1559723559683674,30.74758423536769,2.6595744680851063
Museu de Cera de Barcelona,41.377130607091686,2.1774606445543268,20.08546372258535,1.5957446808510638
Masia Torre Rodona - Can Vinyals de la Torre,41.38593280819907,2.1239439361700736,0.0,0.0
Oasi MAC,41.38188240741375,2.153646899272376,5.756120465366121,0.5319148936170213
Farmàcia Franquesa Borràs,41.43515149016144,2.1897728924932363,4.984887512469664,14.893617021276595
Moll de la Fusta *Escenari Besòs,41.37903656788793,2.181832960571753,4.637970311034349,2.127659574468085
Moll de la Fusta *Escenari Llobregat,41.37903656788793,2.181832960571753,4.637970311034349,2.127659574468085
Museu Palmero Arte,41.4252047837623,2.140179989039568,0.0,0.5319148936170213
Cementiri Sarrià,41.401007141442,2.1276081162893665,0.0,0.0
Cementiri Poblenou,41.39459329629176,2.201156811755032,5.9631046856155905,12.23404255319149
La plaça de les Glòries Catalanes,41.40259189980736,2.18733195275548,19.214448431428014,10.638297872340425
Far del Port - Torre del Rellotge,41.3758307185709,2.186997099293849,9.938507809359319,0.0
Casa Faiol - Casa de la Papallona,41.37663697598416,2.150298953457356,26.086328702735386,2.6595744680851063
Torre Montjuïc Calatrava,41.364786605041445,2.1516565451460616,20.53958280600926,0.0
Universitat Oberta de Catalunya,41.40649363005068,2.19444957141162,0.0,0.0
Casa Batlló,41.39173522253645,2.1649640719737016,71.38305316915563,7.9787234042553195
Espai Subirachs - Poblenou,41.404152690531006,2.199893955698491,0.0,13.297872340425531
Museu de Pintura Contemporània Can Framis,41.40294420265117,2.1949651108093025,16.564179682265532,2.127659574468085
Centre de Cultura Contemporània de Barcelona,41.38391450226559,2.1668129104163323,38.73710227357324,7.9787234042553195
CaixaForum Barcelona,41.37132601483051,2.1495935126379413,17.88931405684677,13.829787234042552
CosmoCaixa Barcelona,41.41329827278905,2.1306762762550275,5.9631046856155905,9.574468085106382
Tramvia Blau Tibidabo-TMB,41.41053468316915,2.137021984976944,2.6502687491624854,0.0
Centre Cívic Can Verdaguer,41.43410459884157,2.1792048887112854,0.0,9.574468085106382
