place,longitude,latitude,events,weathers,crowd_levels
Parc Central de Nou Barris,2.1712296246319656,41.4368445525108,,,
Teatre Nacional de Catalunya,2.1861052566703805,41.399717639588516,,,
Escola Business Engineering School - la Salle,2.1311370586996183,41.40890993792351,,,
Santuari de Santa Eulàlia de Vilapicina,2.1729158525346945,41.43072358230434,,,
Parc de la Font del Racó,2.130839745769486,41.41609393601731,,,
Herboristeria del Rei,2.175034436574318,41.38070755674348,,,
Parròquia de Santa Teresa de l'Infant Jesús,2.151808582444108,41.400511756428415,,,
Casa Muntadas,2.1332147546001883,41.41526572017423,,,
Casa Francesc Cama,2.1548570322157654,41.40028269384311,,,
Casa Madurell,2.1596123951981183,41.40275219893523,,,
Casa Vilabella,2.155505247349864,41.40416890235721,,,
Centre Cívic Sarrià,2.1211872573336934,41.39390619967619,,,
Centre Cívic La Sedeta,2.167687591797475,41.405576512012246,,,
Parròquia de l'Immaculat Cor de Maria,2.1665939713495646,41.405951148357936,,,
Institut Nacional d'Educació Física de Catalunya *Barcelona,2.146913285556539,41.36537462912623,,,
Casa Company,2.1481893230679403,41.393120800716055,,,
Centre Educatiu Jesús Maria *Passeig Sant Gervasi,2.1321227367297997,41.40962676260745,,,
Vall d'Hebron Barcelona Hospital Campus,2.1434499797388105,41.42804943371883,,,
Port Olímpic de Barcelona,2.199282061005833,41.38772238063312,,,
Jardins del Mirador de l'Alcalde,2.169190267865246,41.366934580208515,,,
Casal Cívic i Comunitari Barcelona - Magòria,2.14126001076402,41.36986934117719,,,
Fàbrica de Creació Ateneu Popular 9 Barris,2.1804102466794433,41.44877310192653,,,
Sala El Molino,2.167271088906495,41.37458590109832,,,
Restaurant Can Travi Nou,2.150432990990598,41.43139726568915,,,
Torre de les Aigües del Besòs,2.212560936198963,41.405450920442256,,,
Forn de Pa Roura Vila,2.144269436975635,41.39744142472332,,,
Centre Educatiu Vedruna Gràcia Barcelona,2.151415793082498,41.40471777195005,,,
Castell dels Tres Dragons,2.1833851582204953,41.38811182882805,,,
Centre Esportiu Municipal Piscines Bernat Picornell,2.1507934502236252,41.36632923206704,,,
Finca Sansalvador,2.148358843174665,41.418944974567545,,,
Pèrgola Fotovoltaica al Parc del Fòrum,2.2281237482570995,41.411505719155436,,,
El passatge d'Antoni Gassol,2.195583895314642,41.41275610120803,,,
Centre Comercial Maremàgnum,2.1832313335687172,41.37576189535446,,,
Casal de Barri Can Portabella,2.1939367005254655,41.4291308751184,,,
Jardins del Teatre Grec,2.158621128519657,41.37014353208927,,,
Jardins Creu de Pedralbes,2.1115767347502405,41.39433185278547,,,
Residència Militar d'Estudiants Mateo Calabro,2.12510287048567,41.39297332973804,,,
Portal Casa Miralles,2.1274984374334376,41.392113370981676,,,
Centre Cívic Casa Orlandai,2.1246720318706647,41.3983599977031,,,
Telefèric de Barcelona,2.187875716121665,41.373250146274025,,,
Biblioteca Collserola - Josep Miracle,2.102546833751382,41.41538974314011,,,
Pastisseria Escribà *La Rambla,2.1727040810941585,41.381562357710784,,,
Centre Penitenciari Obert 2  - Presó de Dones de la Trinitat,2.191463299081721,41.45352852329394,,,
Centre Cívic Vallvidrera Vázquez Montalbán,2.102545331836101,41.41539106451316,,,
Escultura Pi i Margall-La República,2.1740546617840075,41.438224060995616,,,
Espai Jove La Fontana,2.1523241627536023,41.40325591053633,,,
Escultura Mistos,2.151482440531504,41.43084545648815,,,
Bar Marsella,2.17122360530803,41.3782782040133,,,
Jardins de Jacint Verdaguer,2.1630513619866973,41.36885056534847,,,
Hotel W Barcelona - HB-004411 *Edifici Vela,2.1899983126477727,41.36836130546307,,,
Palau Sant Jordi,2.1523962021929672,41.362000114137196,,,
Museu d'Art Contemporani de Barcelona,2.1678485289915796,41.383177415641065,,,
La plaça del Monestir,2.1129074520593005,41.39644186075786,,,
Centre Comercial El Centre de la Vila,2.1978686794906324,41.39092742219698,,,
Fira Barcelona,2.150211222762335,41.3727179943061,,,
Centre Cívic Vil·la Florida,2.135308972460361,41.405365338998074,,,
Centre Estudis Ignasi Iglesias,2.1881120391596145,41.43353929705061,,,
Bar musical La Torre Rosa,2.1805040229700476,41.42271161168508,,,
Restaurant Can Cortada,2.1528053939918426,41.43763336944126,,,
Centre Educatiu Impulsem,2.1710512409002245,41.376680258915165,,,
Masia Can Fargas,2.164467317118893,41.42760361480803,,,
Facultat de Ciències de la Salut Blanquerna - URL,2.1721184721407334,41.409786505203634,,,
Associació de Comerciants del Carrer Gran de Gràcia,2.1550611661314885,41.4003276952613,,,
Associació Sarrià Eix Comercial,2.122763546217199,41.39840201073239,,,
El pont de Mühlberg,2.161799283919621,41.41856212293422,,,
Jardins del Palau Robert,2.159538941393651,41.396131607667456,,,
Hospital del Mar,2.1946836219941206,41.38343360981442,,,
Barcelona - Casa Vídua Marfà,2.1642989926981406,41.39311176171059,,,
Club Natació Atlètic - Barceloneta,2.1886847497193753,41.37344433423628,,,
Parc Carmel,2.155269268607678,41.41516676215983,,,
Hotel Melia Barcelona Sky - HB-004358,2.200634797754356,41.406288190178934,,,
Biblioteca Clarà *Tancada per obres,2.1294738021393327,41.39994044899448,,,
Centre d'Arts Santa Mònica,2.175614994736913,41.37725882473504,,,
Museu Barça Immersive Tour,2.120354439986183,41.380676388525416,,,
Centre Educatiu Santa Teresa - Ganduxer,2.133568601150219,41.399928939848806,,,
Torre del Fang,2.1919480476112105,41.41650054695728,,,
Cereria Subirà,2.1780445376953748,41.38381148695298,,,
Parc de la Primavera,2.1658337161656225,41.370463961160546,,,
Parc de l'Espanya Industrial,2.1398740063223722,41.37653564822331,,,
Jardins de Portolà,2.14255769920195,41.410819046980855,,,
Escola d'Aprenents SEAT,2.142929012130741,41.35443340782173,,,
Fundació Privada Foto Colectania,2.1827368854864178,41.3876733654223,,,
Plaça de la Virreina,2.1574390767796707,41.40510303249848,,,
Plaça del Nord,2.1554445283158845,41.40697402455321,,,
Centre Cívic Casa Golferichs,2.1564074948215346,41.3808491471351,,,
Can Carreras,2.1658537499804966,41.436630936088605,,,
El passatge de l'Esperança,2.176942405239261,41.42909687213159,,,
Casa de la Lactància,2.155454935741646,41.38013155447215,,,
Mercat Les Corts,2.1298048647400445,41.38407806063042,,,
Bar Mestres,2.1310611460751536,41.399609906094966,,,
Mercat Galvany,2.143678943368952,41.39668239144885,,,
Centre Cultural Teresa Pàmies,2.152049712385728,41.38689535147527,,,
Antiga Foneria de Canons,2.177040671271692,41.37692960265057,,,
Carrer de la Riereta,2.1669844143365613,41.379260848053555,,,
Casa -Fàbrica Vermell-Martí,2.174179225423808,41.3882604557891,,,
El Vapor  - Fàbrica Bonaplata,2.1667630471377124,41.38494614000926,,,
El Jardí Vertical,2.141744623609296,41.38512796595029,,,
Casa Hurtado,2.1163254701937197,41.39242149167882,,,
La Gran Via de Carles III,2.128056674070894,41.38359761148749,,,
La plaça de la Concòrdia,2.1320913612349957,41.38653963624162,,,
La Porta Sud de la Finca Güell,2.1189006112022293,41.384912355918026,,,
Pavelló de Ràdio Barcelona al Parc d'Atraccions del Tibidabo,2.1193142250845742,41.424104905060844,,,
Mercat Encants Barcelona - Fira de Bellcaire,2.1856692459565465,41.401063548775554,,,
Cementiri Les Corts,2.1216835608063085,41.383168531331165,,,
Parc de les Cascades,2.1950946466204972,41.38631260802294,,,
Sant Joan de Dalt,2.166410951526073,41.40216470756282,,,
Botiga Casa Rusca,2.1892871049773523,41.431621867432426,,,
La Mina Grott,2.0975454897320374,41.41529444742222,,,
Cooperativa La Guardiola Familiar,2.1918289732978358,41.43056706573951,,,
Torre d'Ignacio Portabella,2.134981213630846,41.41281169827557,,,
Castell de Montjuïc,2.1671241451784176,41.36446421195711,,,
Centre de Convencions Internacional de Barcelona,2.218837323987452,41.408951598167924,,,
Colmado Murria,2.166511035825546,41.39480108686979,,,
Universitat Politècnica de Catalunya,2.116537839859507,41.3889419870853,,,
Jardins dels Drets Humans,2.1367088188150576,41.361026562681914,,,
El Clot,2.1884691931904716,41.407845782838926,,,
Biblioteca Jaume Fuster,2.149775202551298,41.407490969397124,,,
Avinguda de la Catedral,2.1752760734542442,41.384547112224666,,,
Avinguda Maria Cristina,2.1510148596954752,41.373032576568356,,,
Carrer Martí  i Franqués,2.1179021240670406,41.38506372270051,,,
Edifici de la Fàbrica Moritz - Espai Gastronòmic i Cultural,2.1634359544972748,41.38253112132162,,,
Museu de la Xocolata,2.181725967522791,41.38741922402338,,,
Plaça Masadas,2.190177003471264,41.424786104383934,,,
Eix Comercial del Raval,2.173892474795089,41.37883670716191,,,
Jardins Plaça de Can Fabra,2.191738858342075,41.434925914293984,,,
Casal  Mas Guinardó,2.1744079393214104,41.41816915835005,,,
Centre Comercial Arenas de Barcelona,2.1499752959539173,41.376038338441205,,,
L'avinguda del Tibidabo,2.1370219362887046,41.41053474585558,,,
El Passeig de Gràcia,2.1627740853677464,41.3939479779243,,,
Masia de Can Baró,2.1620938107713417,41.416562091336225,,,
Pla de Montbau,2.1427060165365965,41.430681496366894,,,
Cases Francesc Farreras,2.1595517675597073,41.382555032109934,,,
Unió de Botiguers del Cor d'Horta,2.162232311962768,41.43029883469144,,,
La Previsió Obrera,2.190849375486821,41.435363668960846,,,
Refugi Antiaeri de la Sagrera,2.191951961584244,41.42373640875645,,,
Carrer Campo Florido,2.182484957753459,41.42138115685976,,,
Carrer Coroleu,2.187190543503709,41.432982983446294,,,
Carrer Grau,2.1876693524974757,41.438791640535136,,,
Carrer Manigua,2.1797396875918653,41.423676546575145,,,
Carrer Matanzas,2.1821867084168733,41.422752030928834,,,
El passatge de Xile,2.1163148197840815,41.37689172436965,,,
Els Jardins d'Eusebi Güell,2.1144064064040826,41.39044758234289,,,
Torre de Santa Caterina,2.1059277429633085,41.394987347747104,,,
Refugi antiaeri 292 carrer Piquer del Poble-sec,2.168315128536678,41.37354326748301,,,
Plaça Major de Nou Barris,2.1712202288408515,41.43686234992186,,,
Ronda de Sant Antoni,2.1629662196711665,41.379180809726044,,,
Menjadors populars del carrer Gran Sant Andreu (Guerra Civil),2.1893973971197025,41.43272227205576,,,
El Passeig de les Aigües,2.119019897033429,41.41417937369979,,,
Fabra i Coats - Fàbrica de Creació,2.1908326284827284,41.433793974354174,,,
Passeig Lluis Companys - Arc de Triomf,2.180686651224211,41.39029383512213,,,
Antiga Fàbrica Can Batlló,2.1375027849832793,41.36821672386639,,,
Viaducte de Bellesguard,2.126829667587517,41.409165374626475,,,
Centre Municipal de Cultura Popular de Sant Andreu,2.1876438165449668,41.44068473251823,,,
Federació Eix Comercial Sants-Les Corts,2.1344956640830457,41.37975467649532,,,
El passeig de Sant Joan,2.168556539279617,41.400538201607034,,,
La plaça de la Vila de Gràcia,2.1575252768954654,41.40038030274788,,,
El Congrés i els Indians,2.1801325133211784,41.42267428633185,,,
El Quadrat d'Or,2.166394367405672,41.39176911227801,,,
El 22@,2.1954426698372225,41.40196782553371,,,
L'Estació de La Sagrera,2.187378057190909,41.42192407346947,,,
La Muralla Romana,2.1775827025795835,41.384336103363474,,,
El Portal de l'Àngel,2.172844151594492,41.38587859872714,,,
Casa Bartomeu,2.1072570259147585,41.396311253391424,,,
Carrer Menéndez Pelayo,2.120295383395241,41.383708022783495,,,
Parc de Can Rigal,2.1077390567867273,41.37932819241353,,,
Sala Lliure de Gràcia,2.1560310640347438,41.40276104987048,,,
Parròquia de Santa Maria del Mar - Basílica,2.182224949880879,41.38378222100998,,,
Jardins d'Elvira Farreras Valentí,2.1430348062786257,41.407464947326254,,,
Ateneu de Fabricació Digital de Les Corts,2.1355597687429912,41.38355424224072,,,
Parc de les Rieres d'Horta,2.154259435001784,41.43107919974659,,,
Parc de la Pegaso,2.190739286407059,41.42688804853377,,,
Estació Barcelona-Sants de RENFE,2.1408179856438947,41.379556967903945,,,
Restaurant Dos Torres,2.128704952652439,41.39795538977431,,,
Mercat Núria,2.1726367468768304,41.45995202920537,,,
La Sardineta. Grup d'Ecoconsum de la Barceloneta,2.1905140138060823,41.381628580853516,,,
Quarter Bruc,2.110666688042147,41.38730794999315,,,
La plaça de Sarrià,2.122029074017245,41.39981901760965,,,
La Torre d'Aigües de Josep Amargós,2.118943948440615,41.422978087835524,,,
Colònia Busquets,2.1045029557116037,41.413695577814316,,,
Fàbrica Sanchís,2.205388440533967,41.434973842831134,,,
Torre d'Aigües de Carrasco i Formiguera,2.122852491250377,41.40127423556232,,,
Torre del Doctor Andreu,2.135695010644845,41.411850643734354,,,
Fàbrica Artés,2.1622755265173805,41.3996059970396,,,
El Túnel de la Rovira,2.157559236781552,41.42755510844527,,,
Can Culleretes,2.1744292455209995,41.381241482418325,,,
La Diagonal,2.125713944106764,41.387938521008294,,,
Refugi Antiaeri de La Lira,2.1881654862843227,41.432773502009994,,,
Refugi Antiaeri 977 (Matanzas / Pinar del Río),2.182057614392575,41.42243408970824,,,
Capella dels Segadors,2.1914901770236495,41.43629879622968,,,
El nucli antic d'Horta,2.161502292023968,41.42999427513081,,,
La plaça de Lesseps,2.1510867322061435,41.40771234565708,,,
El Campus Ciutadella,2.1908720858610877,41.39002929461585,,,
El Campus Mundet - UB,2.147158169831797,41.43575541409688,,,
La llera del riu Besòs,2.1909188386141625,41.45464961996649,,,
Edifici d'habitatges Gran de Gràcia 67,2.1553048145748552,41.399899033342535,,,
Centre Cívic Can Felipa,2.20050971216533,41.40367975860696,,,
Associació Xarxa de Consum Solidari,2.1806947519007056,41.387846200809165,,,
La plaça de John Lennon,2.1615342716775845,41.40286050125628,,,
La plaça de Nicolás Salmerón,2.157480714601559,41.39801209292751,,,
La Pedrera Romana,2.1456715347090434,41.357168740446966,,,
Torre de l'Aigua,2.152229161692367,41.40405325796555,,,
El barri Plus Ultra,2.14102627404691,41.360594861404536,,,
La Casa de l'Aigua,2.188036804130217,41.45296545224615,,,
Educa +,2.179570364707956,41.41252398893622,,,
Casa Fàbrica Güell-Ramis,2.178265252336639,41.379585352390144,,,
Casa Parés,2.178401010468016,41.3872658323001,,,
Edifici Modernista Francisco Giner 47,2.1583968710038635,41.39978158248624,,,
Edifici d'Habitatges Gran de Gràcia 138,2.1534769120413655,41.40169937350612,,,
Ermita de la Mare de Déu de la Salut,2.15710983691872,41.41154995474912,,,
La plaça de Gal·la Placídia,2.1529425675079312,41.39860621855363,,,
Esplai Tr3smon,2.1417439533847342,41.3598021106686,,,
El Campus de Comunicació,2.1935349162488165,41.40367554356738,,,
El Paral·lel,2.1558593296923467,41.375220985092604,,,
Sant Pere i Santa Caterina,2.1785727826536077,41.388142157020646,,,
El Gòtic,2.1770218391588827,41.383065594486666,,,
Cooperativa La Confiança Andreuenca,2.185313624433327,41.435555646330705,,,
El Poblenou,2.1990636882594146,41.4022744450405,,,
Cooperativa La Flor de Maig - sucursal núm. 7,2.1903109078509257,41.424114511511675,,,
Museu d'Autòmats del Tibidabo,2.1187341412289142,41.42160921227461,,,
Sant Andreu,2.190044472473194,41.43526902100958,,,
La plaça de la Bonanova,2.13417851476007,41.40638150826275,,,
La plaça del Doctor Andreu,2.1314166234616936,41.416304021052255,,,
Places de Joaquim Folguera i Frederic Soler,2.1389166559414927,41.40542924572357,,,
Casa Vidal,2.1894400450855303,41.43535513459526,,,
Can Mazantini,2.184650085607281,41.43314257686843,,,
Oliva Artés. Museu d'Història de Barcelona,2.2011067332390364,41.4083072163263,,,
La Vil·la Hèlius (Casa Grané),2.107541318408962,41.395462854998215,,,
L'Antic Institut Frenopàtic,2.1263311628356334,41.38433208402624,,,
L'Àrea Olímpica de la Diagonal,2.1144189385595857,41.380264181554345,,,
Carrer Cienfuegos,2.183417526927583,41.42408750553282,,,
Carrer Pinar del Rio,2.1821005942848273,41.422259021739634,,,
Casa Sant Felip Neri,2.130903870123052,41.39572136064741,,,
Antiga Biblioteca Pública de Sant Andreu de Palomar,2.1905489388615904,41.43679975051144,,,
L'Aqüeducte Palombarum,2.193187925153491,41.43821655449944,,,
Antic Monòlit Dedicat a la Legión Condor,2.127086735020199,41.388630751551666,,,
El passatge de Tubella,2.135927755117388,41.383723833210524,,,
Cansaladeria Puig,2.1892316530910487,41.431965377634455,,,
El carrer de Campoamor,2.158212492323379,41.432914933001776,,,
Casa de la Marina,2.1884489605390947,41.37800931137947,,,
La carretera de les Aigües (sector Horta-Guinardó),2.131518261519387,41.42145480207412,,,
L'Aqüeducte del Parc Central de Nou Barris,2.1712296246319656,41.4368445525108,,,
Edifici Gas Natural,2.190154390019234,41.38319342524216,,,
Cooperativa Obrera Popular Segle XX,2.189153267840029,41.38164663472414,,,
La Maquinista Terrestre i Marítima,2.1907168710652614,41.38164285238863,,,
El Conjunt Residencial de Les Escales Park,2.1153886541782843,41.39204783587929,,,
Colònia Carné,2.117058367742885,41.376822310380064,,,
La plaça de Pedralbes,2.114218062249275,41.395729151007615,,,
La Torre Blanca,2.11876260601679,41.38946749792318,,,
Pilar d'Aigua de Sant Andreu,2.1852706828435733,41.4303599257898,,,
La Plaça de les Havaneres,2.1826779224213384,41.42125404672891,,,
Memorial de les Dones Represaliades a la Presó de Dones de les Corts,2.129239773817562,41.387153239939714,,,
Can Fontanet - Centre d'Interpretació dels Tres Tombs de Sant Andreu,2.1908326284827284,41.433793974354174,,,
Xemeneia de Can Galta Cremat,2.187715361234582,41.440635877473454,,,
Les Carasses,2.1910812403192512,41.44136142057692,,,
Ca l'Artés,2.172703711654441,41.43060587102361,,,
Plaça Eivissa,2.1609828368500468,41.43021998617649,,,
Casa Estapé,2.179966095105018,41.391927096739074,,,
Cases Rocamora,2.1694907182668186,41.38891899310887,,,
Casa Malagrida,2.166233113657074,41.39070796924331,,,
Cases Blanques,2.140820837872433,41.431488091656256,,,
Refugi Antiaeri de Can Peguera,2.165334527114244,41.43411211194424,,,
Can Tusquets,2.154195493067497,41.4104399702781,,,
Casa Agustí Trulla,2.1529945860625257,41.40073485164731,,,
Casa Castellet,2.1591194797287576,41.403225016633755,,,
Casa Concepció i Casa Comelles,2.154208667587497,41.403249208074975,,,
Casa Cortina,2.14606270494447,41.41022204823075,,,
Carrer Sant Gervasi de Cassoles,2.139512069189189,41.40417769240352,,,
Fàbrica de Creació Graner,2.1359750197791345,41.36152379729631,,,
Espai Bombers Parc de la Prevenció de Barcelona,2.154566177208794,41.37369595375426,,,
Edifici Torre Telefònica - Diagonal Zero Zero,2.2212484484505435,41.41217022424529,,,
Servei d'Esports de la Universitat de Barcelona,2.1048310677132447,41.38091965331625,,,
Casa Bonaventura Ferrer,2.158479593916247,41.39697639977114,,,
Edifici Patronat Ribas,2.1410866943487545,41.422929218509935,,,
Espai Mescladís,2.1803507473845234,41.38709531983285,,,
Jardins de Mossèn Costa i Llobera,2.17232416934953,41.36961505587559,,,
Pavelló Mies van der Rohe,2.1497761138233935,41.370842160327136,,,
Antic Dispensari Antituberculós,2.165173981341848,41.38433595216771,,,
Centre Comercial L'Illa Diagonal,2.1353959606306443,41.38974559970474,,,
Els Edificis Trade,2.1279530224471386,41.38617521617633,,,
Casa dels Ossos,2.1529838685904554,41.39465875789174,,,
Casa Fargas,2.164148990973875,41.39040808759584,,,
Cases Josefa Villanueva,2.166752451664696,41.39489635939134,,,
Cristalleries Planell,2.131903917807222,41.38743624313862,,,
Casa Queralt,2.147925810285238,41.41927179810715,,,
Parròquia de Sant Gregori Taumaturg,2.1384136580761517,41.39422199323784,,,
El Polvorí i Cos de Guàrdia,2.1428603946607967,41.36464604706291,,,
Club Esportiu Mediterrani *Instal·lació Josep Vallès,2.130464703418883,41.3733599989622,,,
Font Màgica - Fonts de Montjuïc,2.1517639113782225,41.371150045128175,,,
Associació Cultural El Raval El Lokal,2.1670945925401766,41.37945106296261,,,
Parc del Mirador del Poble-sec,2.1701826605872294,41.371920689797676,,,
Eix Comercial del Poblenou,2.199899590115794,41.402619669138986,,,
Jardins de les Tres Xemeneies,2.172430025242432,41.37448327029571,,,
Plaça de la Revolució,2.158258723259312,41.402830728949546,,,
Parc de la Font Florida,2.14105045396157,41.368634514222805,,,
Roca Barcelona Gallery,2.12923065792945,41.38664570242304,,,
Sant Pau Recinte Modernista,2.1757600481895056,41.41241647123583,,,
Palau del Baró de Quadras,2.1613396001868517,41.396775817125445,,,
Mercat Sarrià,2.1207231796604993,41.399835932090404,,,
Casa de les Altures,2.166481155557753,41.412797801282444,,,
Mercat Abaceria Central,2.1641791642522206,41.40318652868216,,,
Religioses de la Mare de Déu de la Mercè,2.1375174554869414,41.40590933439461,,,
Casa Dolors Calm,2.164071911206961,41.39086396941241,,,
Casa Juncosa,2.1620196660786224,41.39236095361858,,,
Cases Pascual i Pons,2.1701506816093343,41.388385084056864,,,
El passatge de Mallofré,2.1219274312321996,41.39853989512909,,,
La plaça de Sant Vicenç,2.1240817850248583,41.397223924911636,,,
Plaça de Rovira i Trias,2.1586080411699586,41.40746803755208,,,
Camisseria Bonet,2.1738833826843114,41.38079964125222,,,
Casa Doctor Genové,2.1728234402079813,41.38142514089114,,,
Casa Domènech i Estapà,2.1625666401735337,41.39228681466528,,,
Gran Teatre del Liceu,2.1733467293401083,41.38014677441643,,,
Telefèric de Montjuïc,2.1630513619866973,41.36885056534847,,,
Església del Reial Santuari de Sant Josep de la Muntanya,2.154195493067497,41.4104399702781,,,
"L'antic Putxet. Els carrers Manacor, Cadis i Putxet",2.142225615431341,41.40413124648984,,,
Passatge de Sant Felip,2.1471047244543726,41.40338319158916,,,
La plaça Molina,2.146733983621581,41.401283332496035,,,
Mercat Llibertat,2.1537484882528983,41.399737848805614,,,
El Canal de la Infanta,2.149012074553124,41.35439601685321,,,
Bodega Josefa,2.145936393031032,41.40432354338867,,,
"El camí de Finestrelles, i el mirador",2.101308027569479,41.387166453237064,,,
El passeig de Sant Gervasi,2.1338555488054234,41.40714994709702,,,
El Submarí de la Ronda,2.1305194357974724,41.41314852899547,,,
Premsa de Vi de Can Xandri,2.1853478240155115,41.438225856471476,,,
Hospital Clínic i Provincial,2.152194463242196,41.38955539831457,,,
Casa Carreras,2.1089871009416132,41.39404843334341,,,
La Porta Est de la Finca Güell,2.1223275022909265,41.38555915734198,,,
La Plaça del Comerç,2.189877474368489,41.435222150788675,,,
Parròquia de Maria Reina,2.111486130409106,41.39269599560134,,,
Conjunt de Cases al Carrer Francisco Giner,2.1594708997786287,41.39892971334762,,,
Cases Manuel Raventós,2.15203322023042,41.40139423653911,,,
Edifici J. Artigas,2.1591654567457805,41.39985990968169,,,
Habitatge Classicista Providència 79,2.159386623420811,41.40819331103935,,,
Torre del Rellotge,2.1367036614916595,41.37432440095194,,,
"Casal Catòlic de Sant Andreu - Àntic Casino ""El Progrés""",2.1864399480323784,41.43552700152439,,,
Antiga Estació de Rodalies Sant Andreu Comtal de RENFE,2.192489567666219,41.43594335271556,,,
Monestir de Sant Pau del Camp,2.16931450249219,41.37650076335756,,,
Edifici de l'Antic Hospital de la Santa Creu,2.1698114685903156,41.38108881941955,,,
Ateneu d'Innovació Digital i Democràtica - Canòdrom,2.1841198480555195,41.42728664518391,,,
Institut del Teatre,2.157449314071009,41.37067944898099,,,
Palau de la Premsa,2.1538979761054997,41.372483883326524,,,
Alberg In-Out - AJ000427,2.101812736653692,41.422063723798516,,,
Monument a Cristòfol Colom,2.1760573876381613,41.375981756802304,,,
La Plaça del Sortidor,2.1621656959358955,41.37260876412629,,,
Escultura Josep Anselm Clavé,2.1638663854194364,41.404090634245215,,,
Conjunt de Torretes al carrer Verdi,2.153354042541838,41.40746179464575,,,
Reial Acadèmia de Medicina de Catalunya,2.168974973139409,41.38152411821448,,,
Bibiblioteca Rector Gabriel Ferraté,2.1146704334958524,41.38790151896208,,,
La plaça d'Espanya,2.1487108014908456,41.37397463762443,,,
Seu del Districte de Sant Andreu,2.190607338298738,41.43602805111317,,,
Escultura Colles Sant Medir,2.152415836295016,41.40349932760185,,,
Fundació Barcelona Media - Centre d'Innovació,2.1936694239353693,41.404425080209855,,,
Centre Cívic Cotxeres de Sants,2.136897693555585,41.37529848802474,,,
Jardins del Palau de Pedralbes,2.1184352989192647,41.38654937434819,,,
Jardins de Vil·la Cecília,2.121963830470535,41.39374957203114,,,
Escola Superior d'Administració i Direcció d'Empreses - URL,2.11450041725389,41.39374137478776,,,
La Rambla,2.17649085980406,41.37765445203638,,,
Parc de Montjuïc,2.157516161678922,41.36332511934043,,,
Zona de Banys,2.2217148764638015,41.41106682138965,,,
Casa Calvet,2.1730144223801227,41.39096800710249,,,
Platja de Sant Sebastià,2.1896792006250663,41.373706513534366,,,
Platja de la Nova Icària,2.2028838890750646,41.390764743006756,,,
Antiga Biblioteca Infantil del GATCPAC,2.186285451200647,41.43240704975568,,,
Mercat Barceloneta,2.18928120267198,41.38024616800817,,,
Mercat Ninot,2.1544122344047523,41.38785716567697,,,
El Born i la Ribera,2.1830157301046778,41.384855101957754,,,
La Barceloneta,2.1891173604816476,41.37956860884705,,,
Sants i Hostafrancs,2.1426193870999874,41.37539782108393,,,
La Sagrera,2.1901486318858443,41.424773055782744,,,
Seu de la Secció 10 de les Patrulles de Control (Guerra Civil),2.19036384484912,41.42911252316188,,,
La Vila Olímpica,2.1972678851365646,41.38937966568577,,,
El Fòrum,2.2217148764638015,41.41106682138965,,,
La plaça d'Orfila,2.1909591589263973,41.43624446859994,,,
El Tibidabo,2.1233033539813286,41.41891333512116,,,
L'Aqüeducte de Ciutat Meridiana,2.175066517148887,41.45954300543077,,,
El barri del Bon Pastor,2.204587880121658,41.43547896450301,,,
El Raval,2.170175969805075,41.37843259823847,,,
Sant Antoni,2.1615104199875472,41.37975147357524,,,
El Poble-sec,2.163850226343413,41.37402706084629,,,
Les Corts,2.131946333706955,41.386690515267254,,,
Forn de la Concepció,2.17072858132926,41.3953024422244,,,
Masia la Petita Maria,2.1374035500851325,41.37596451659646,,,
La plaça de Sant Gaietà,2.120264726728752,41.400276410730235,,,
Plaça del Sol,2.1566738998226365,41.40162178824695,,,
Casa Llorenç Camprubí,2.1708556704360626,41.38934938466776,,,
Forn Sarret,2.1710520735754435,41.39477841624774,,,
La Plaça del Rom Cremat,2.182983037488512,41.42215416804366,,,
Centre de Cultura Popular La Violeta de Gràcia,2.1562145898860363,41.4010309942708,,,
Viaducte de Vallcarca,2.1432697424292484,41.41181800039176,,,
Fossar de les Moreres,2.1824151631724544,41.383653865710876,,,
Facultat de Dret - UB,2.1210972500110508,41.38723971871468,,,
Conjunt de Sant Martí de Provençals,2.196643734220937,41.420904173876956,,,
Universitat Nacional d'Educació a Distància *Barcelona,2.180455235272232,41.43646572009841,,,
Parc de Recerca Biomèdica de Barcelona,2.1940170304617372,41.38557632373501,,,
La Plaça de Catalunya,2.169418215449664,41.38604507506723,,,
Museu Nacional d'Art de Catalunya,2.153381227899417,41.368885103834,,,
Elisava Escola Universitaria de Disseny i Enginyeria de Barcelona,2.176064541270459,41.37848959636991,,,
Museu Olímpic i de l'Esport Joan Antoni Samaranch de Barcelona,2.1570941364707474,41.366280925076076,,,
Edifici Modernista Riera de Sant Miquel 44,2.15627378447512,41.3981582119799,,,
Edifici de La Caixa de Barcelona,2.157280332554822,41.39846772405435,,,
La Plaça del Mercadal,2.1887179760564566,41.43498808409701,,,
L'Espai de la Torre Melina i el seu Jardí Romàntic,2.1085900896337453,41.381730229359285,,,
Avenç Obrer Català de Sant Andreu,2.1909591589263973,41.43624446859994,,,
Carrer Pons i Gallarza,2.186869522394108,41.4355421004354,,,
"TAMAIA Viure Sense Violencia, S.C.C.L.",2.1750874979814214,41.38550526763556,,,
Carrer Puerto Príncipe,2.181260260566652,41.422608628418345,,,
La Plaça Santa Madrona,2.1563144249358346,41.373469043261004,,,
Metro Fontana,2.152713414330724,41.402647384357394,,,
La plaça d'en Joanic,2.1622519725038294,41.405305256052856,,,
La Plaça Reial,2.1749759344450665,41.38044055326621,,,
Can Peguera,2.16456333073766,41.43428467027986,,,
Museu del Modernisme de Barcelona,2.163402681362388,41.38890739636273,,,
Centre Esportiu Municipal Putxet,2.141295887779283,41.40972803896788,,,
Masia Can Valent,2.17975400193275,41.43553633390901,,,
Santa Creu d'Olorda,2.0590073481470856,41.415981372010265,,,
Edifici La Maternitat,2.1266907591970448,41.38547614322759,,,
El nucli de Santa Eulàlia de Vilapicina,2.173127543884692,41.43105597129707,,,
La vila de Gràcia,2.1575195642972695,41.405031103390996,,,
Ca l'Aranyó,2.1929166509683036,41.40418745612774,,,
Casa Pomar,2.1702814409023916,41.39563961765683,,,
Casa Queraltó,2.161061569869412,41.39305633370552,,,
Casa Jaume Forn,2.1665506866899436,41.395288179555614,,,
Casa Santurce,2.1669656154426415,41.39560141763696,,,
Casa Granell *Balmes,2.1613897653246257,41.39014919657067,,,
Casa Vallet i Xiró,2.166908231079334,41.39698989040617,,,
El carrer de Canet,2.1234442569005996,41.39869925444347,,,
Dipòsit del Rei Martí,2.1271686577385576,41.40886213744492,,,
Antiga Subcentral Elèctrica de la Barceloneta,2.190007515254681,41.379497351387315,,,
L'Hortet del Forat,2.1797633325540073,41.3874487826944,,,
El Pla de Palau,2.1825248996890165,41.38289712933221,,,
Colònia Castells,2.1392455922096265,41.387548470347184,,,
La plaça de Comas,2.1297722513988706,41.38564406822385,,,
La plaça de la Reina Maria Cristina,2.1266981907343276,41.38864240334821,,,
La plaça de Ramon M. Roca i Sastre,2.118772762148288,41.38571907130875,,,
Pilar d'Aigua de la Sagrera,2.190885833187442,41.4220738556162,,,
Escultura David i Goliat Homenatge a les Brigades Internacionals,2.1577035618852682,41.424873152123894,,,
Club Natació Sant Andreu,2.186313336459395,41.430050471294564,,,
Mirador Joan Sales i Vallès,2.152799267220405,41.41637421536977,,,
El barri de la Clota,2.150985823958698,41.42664948190676,,,
Casa Almirall,2.1659292956073575,41.382389213993505,,,
Plaça de les Dones del 36,2.1536547598387092,41.40454220831473,,,
Círculo Ecuestre,2.1540111781345668,41.395763940464285,,,
Associació d'Emprenedors del Clot - Eix Clot,2.1814929274013637,41.41643869811126,,,
Rambla de Fabra i Puig,2.184527163310618,41.43035899926197,,,
Jardins Laribal,2.158482875531215,41.36812384413011,,,
Casernes d'Artilleria  de Sant Andreu,2.19050806677001,41.44395793480301,,,
L'Estació dels FGC de Sarrià,2.1250093275396296,41.39829106263617,,,
Torre Castanyer,2.134224907245418,41.4078488716108,,,
Jardins de Joan Brossa,2.1650128504069532,41.36867092135471,,,
Parròquia de Sant Genís dels Agudells,2.1365982986152545,41.42798213665874,,,
'La Masia' del Barça,2.1215489678471395,41.38164275556459,,,
Museu de Ciències Naturals de Barcelona,2.220499449653222,41.410811330820316,,,
Centre Cívic Casa del Rellotge,2.141406028389017,41.357574153227475,,,
La Fàbrica del Sol,2.1912801963845494,41.383031580266,,,
Jardins de la Tamarita,2.1353308120104346,41.41090504207735,,,
"""Vivendes"" del Congrés Eucarístic",2.181536675794661,41.425833062669035,,,
El Campus Raval - UB,2.1668999341948276,41.384077184997345,,,
Casa Planells,2.1746252576584317,41.400594029975196,,,
Castell de Torre Baró,2.1761305165721443,41.45079189503227,,,
Reial Acadèmia de Ciències i Arts de Barcelona,2.1707408640195456,41.38417592716741,,,
Carrer Major de Sarrià,2.1251530428320944,41.39599155894147,,,
Casa Fornells,2.134298941292163,41.41373899158243,,,
El barri de la Mercè,2.1055266224814213,41.388936898572986,,,
Edifici Alhambra,2.1397153048637696,41.403617178236445,,,
El Farró a través del carrer Saragossa,2.1508671357165414,41.40089932712729,,,
Universitat Internacional de Catalunya,2.1232319600898886,41.406033260654574,,,
Associació Eix Comercial de Sant Andreu,2.1880184231321453,41.434154466273625,,,
Biblioteca Barceloneta -  La Fraternitat,2.1888716402624535,41.37923262887593,,,
Institut Vila de Gràcia,2.155368115677565,41.3986014146248,,,
Pavelló de la República,2.151482356409003,41.43084548288972,,,
Cementiri Montjuïc,2.149011845799688,41.35439614126615,,,
Casa Thomas,2.1656125429824926,41.39657596077136,,,
Las Golondrinas - Sirenas SA,2.1781153021938913,41.3746514376551,,,
Centre Cívic Torre Llobeta,2.173966250593847,41.42693150965028,,,
Associació de Comerciants i Professionals Barnavasi,2.1476386953090882,41.40545573179054,,,
Associació Catalana per la Integració i el Desenvolupament Humà,2.1611329487796156,41.40196689745648,,,
Antiga Fàbrica Estrella Damm,2.178180484218155,41.40912820969591,,,
Parròquia de Santa Madrona,2.164693483626283,41.3741976792283,,,
Parc de la Creueta del Coll,2.1462520569914068,41.419264262411424,,,
Unió de Cooperatives per a la Fabricació de Pastes per a Sopa,2.1681069096683667,41.37867570317367,,,
Casa Sarriera,2.1786306362721026,41.382407945809554,,,
Torre Jussana - Centre de Serveis a les Associacions,2.15131477992075,41.42969190027591,,,
Platja de la Barceloneta,2.1922222424172015,41.37861435600187,,,
Hospital de la Santa Creu i Sant Pau,2.1739598683555683,41.415441083959905,,,
Mercat de les Flors Centre de les Arts de Moviment,2.157271883570921,41.370538264069474,,,
Impremta Baltasar,2.1894065564080645,41.43211304281075,,,
Parc Esportiu de Can Dragó,2.183157005742885,41.436593069404815,,,
Col·legi de Censors Jurats de Comptes de Catalunya,2.1127907982456198,41.39041020339857,,,
L'Auditori de Barcelona,2.185159128100962,41.39877242493477,,,
Palau de la Virreina,2.1717263988188114,41.382529739077675,,,
Centre Cívic Can Deu,2.1325216465394625,41.386794007741514,,,
Parc de Cervantes,2.1094394046493576,41.38456852873157,,,
Ca n'Andalet,2.1536787608137935,41.42721189152529,,,
Centre Cívic Tomasa Cuevas - Les Corts,2.1283416789870513,41.38481868130682,,,
Parc del Centre del Poblenou,2.1997573736435094,41.40679356695045,,,
Mooby Bosque Multicines,2.151721868976122,41.40139721074222,,,
Club Natació Catalunya,2.158160977129535,41.41535438536336,,,
Sarrià,2.1223212146455017,41.398258662470965,,,
Jardins de Vil·la Amèlia,2.1211872573336934,41.39390619967619,,,
Plaça del Nen de la Rutlla,2.1715923368510053,41.4188254176045,,,
Casa Granell *Girona,2.1680813060601696,41.39730099114916,,,
Palau Montaner,2.1650637423227845,41.395600440595466,,,
Edifici La Rotonda,2.1370219362887046,41.41053474585558,,,
Hort Urbà Masia Can Soler,2.130702385728167,41.42502856858588,,,
Drogueria Rovira (Antiga Drogueria Galvany),2.14476287679332,41.39694983975115,,,
L'Anella Olímpica,2.1525839482341884,41.36617316365693,,,
La Zona Universitària,2.116760355882887,41.38614602205185,,,
"El Campus Nord, Ciutat Universitària",2.1128243953899495,41.387167536117424,,,
Edifici MediaTIC,2.1944666095628262,41.40267993266015,,,
Platja de Llevant,2.217741476714544,41.40501510946871,,,
Centre Cívic Guinardó,2.1733610333293782,41.41607687588995,,,
Parròquia de Sant Pacià,2.187587402173429,41.43166813631247,,,
Santa Església Catedral Basílica de Barcelona,2.1761751314006545,41.384296570811145,,,
Club Natació Barcelona,2.187849724478972,41.37127323270199,,,
Vil·la Joana. Museu d'Història de Barcelona,2.099950499346553,41.41954329767189,,,
Ateneu Barcelonès,2.171664567764501,41.38468020491708,,,
Parròquia de Santa Maria del Remei,2.132098891535344,41.386892522386965,,,
Fundació Suñol,2.126410211337908,41.38265181042153,,,
Associació de Comerciants i Veïns de Creu Coberta,2.143153879462518,41.37602040585622,,,
Fundació Universitaria Agustí Pedro Pons,2.1141838297013127,41.40660960989669,,,
El Born. Museu d'Història de Barcelona,2.183585604443325,41.38567300413077,,,
Teatro de los Sentidos,2.1432333432874633,41.36425978367883,,,
Monestir de Santa Maria de Valldonzella,2.1310089590697836,41.41187688269559,,,
Parròquia de Maria Auxiliadora,2.1278275709059584,41.394938605535096,,,
Parròquia de Sant Medir,2.1377566200682048,41.36984160255108,,,
Centre de Reunions i Convencions UAB Casa Convalescència,2.176910232352591,41.41379174747705,,,
Palau Robert,2.1595319800471895,41.396132216710285,,,
Cementiri Sant Andreu,2.1790301618213404,41.437412139312414,,,
Jardins,2.1413388044305384,41.43651987559525,,,
Casal Cívic i Comunitari Barcelona - Can Guardiola,2.188553382391543,41.4299594840632,,,
Monument Arc de Triomf de Barcelona,2.1807039051520003,41.39108086341498,,,
Torre Bellesguard  Gaudí - Casa Figueres,2.126832670465789,41.40916538840938,,,
Platja de la Mar Bella,2.2123276980931683,41.39857924467329,,,
Seu del Districte de Sarrià-Sant Gervasi,2.1214123028583627,41.39912976584916,,,
Jardí Botànic de Barcelona,2.1568468331568917,41.362685495322765,,,
Centre Cívic  Vil·la Urània,2.149816841793133,41.40144911965885,,,
Casa Vilaró,2.1514336299595516,41.411366236615876,,,
Moll de la Fusta,2.181832960571753,41.37903656788793,,,
Casa Lleó Morera,2.165491865898989,41.391311136498935,,,
Ateneu  Sant Andreu,2.1853030314588353,41.4324898639079,,,
Centre Cívic Can Castelló,2.140179532716965,41.39904051559378,,,
Casa Casas-Carbó,2.1613599645166035,41.395481069803886,,,
Casa Antoni Costa,2.15817039068309,41.39516263147227,,,
Casa Comas d' Argemir,2.1458653031852735,41.4107909301786,,,
Mercat Sant Andreu,2.1883934902332927,41.434893129137315,,,
Centre Cultural La Farinera del Clot,2.18840476699031,41.40487897583886,,,
Refugi 307.  Museu d'Història de Barcelona,2.166220058300664,41.37107815965785,,,
Pavellons d'Entrada de l'Antiga Finca Güell,2.1208592991305353,41.38849058797558,,,
Oratori de Sant Felip Neri *Gràcia,2.1556884231723643,41.40200153642768,,,
Hotel Casa Fuster - HB-004219,2.158025884692545,41.39801599366713,,,
Disseny Hub Barcelona,2.1880498461023428,41.402601111692825,,,
Fundació Privada Centre de Producció Artística i Cultural Palo Alto,2.210261414480815,41.40453754416711,,,
Jardinets de Salvador Espriu,2.1580613330328386,41.397680327870454,,,
Mercat Boqueria - Sant Josep,2.1722707591057397,41.38204889437501,,,
Casa Josep Castelló,2.1583254055522816,41.40922522099331,,,
Casa Martí Trias i Domènech,2.1531271963876577,41.41350924872243,,,
Casa Rosa Alemany,2.14863345725769,41.40737731100891,,,
Casa Serès,2.156628602714139,41.404039707549934,,,
Mercat Santa Caterina,2.1781771121189712,41.38639488164491,,,
Carrer Aiguafreda,2.1594552433114487,41.426732211545875,,,
Casa Anoll,2.1610663164262904,41.40044227869542,,,
Casa Barangé,2.1444601068144356,41.413399023929664,,,
Gerència Urbanística Port Vell de l'Autoritat Portuària de Barcelona,2.1782341227997044,41.37792481602983,,,
Universitat de Barcelona,2.164030568391206,41.38657708352391,,,
Parròquia de Sant Pere de les Puel·les,2.1792430187092746,41.38922892058108,,,
"BAU, Centre Universitari d'Arts i Disseny de Barcelona",2.195641449471245,41.39772635565731,,,
Museu Tàpies,2.1637754588196367,41.39155351265377,,,
Parròquia de Santa Maria del Pi - Basílica,2.1737942555699594,41.38233930831356,,,
Jardins del Turó del Putxet,2.1425177258809422,41.407747349305964,,,
Parc de Monterols,2.1397735122452017,41.401613054797835,,,
World Trade Center,2.1823636757953953,41.37109064113994,,,
Centre Moral i Instructiu de Gràcia,2.1547866320723554,41.4011467607569,,,
Parròquia de la Verge de Gràcia i Sant Josep,2.1489419133653587,41.4065945273656,,,
Casa Gustà,2.160063116454555,41.41041608639633,,,
Cafeteria Restaurant Cafè de l'Òpera,2.173782143732884,41.38091335380008,,,
Platja del Bogatell,2.2067544978597606,41.394602678212614,,,
Biblioteca Montserrat Abelló,2.135305845435044,41.38373133027636,,,
Sant Andreu Teatre,2.1889212140974257,41.43061427405158,,,
Mercat Guineueta,2.170245672758619,41.43865254771624,,,
Edifici de La Model,2.1453845998129886,41.38346653721597,,,
Palau de la Música Catalana,2.1751754135417323,41.387363102912964,,,
Parròquia de Santa Maria de Gràcia,2.1579647021625696,41.39833719125325,,,
Hort Urbà Masia Can Mestres,2.145157408726708,41.35971541159925,,,
Parròquia de Sant Vicenç de Sarrià,2.121111403839136,41.39948172834851,,,
Institut Químic de Sarrià - Campus Sarrià - IQS,2.1194605457742592,41.40379591152728,,,
Casa Museu Gaudí,2.1550643342300395,41.41481232125404,,,
Parc de Joan Miró,2.1493406545619487,41.37726829547463,,,
Club Tennis La Salut,2.15819198579813,41.412340421112866,,,
Parròquia de la Mare de Déu del Coll,2.151319417179658,41.420132063616215,,,
Parc de Can Sabaté,2.137749555318519,41.36437449049291,,,
Jardins Mestre Balcells,2.15412689316291,41.40765541373202,,,
Casal de Barri Font d'en Fargues,2.1652481090205704,41.424333431530485,,,
Base Nàutica Municipal de la Mar Bella,2.2097712400521687,41.39653535209156,,,
Casa Lamadrid,2.1681807052555753,41.396946917058386,,,
"Espai Gaudí: Pis, Golfes i Terrat",2.162061079088016,41.395347590029274,,,
Parc de la Ciutadella,2.185381778970792,41.38633657544665,,,
Jardins de Ramon Margalef i López,2.1529654736615242,41.36609351846864,,,
Parc del Castell de l'Oreneta,2.112199777559347,41.39940218424315,,,
Turó Park - Parc del Poeta Eduard Marquina,2.1419158924657906,41.39410523623182,,,
Parc Sanitari Pere Virgili,2.140265906627508,41.41495508215848,,,
Casa Garriga Nogués,2.1652548329955286,41.38892310014807,,,
Parc de Sant Martí,2.198051769477209,41.41989650584673,,,
Cases Leandre Vidal,2.160109975770286,41.40086949415278,,,
Edifici Puiggròs,2.1592603871633953,41.39966543105189,,,
Casa Rubinat,2.157716680356859,41.40487709704659,,,
Col·legi Oficial de Metges de Barcelona,2.129341454867993,41.404236241777,,,
Hospital  Sociosanitari Mutuam Güell,2.1567276831754065,41.411445154741465,,,
El Parc del Fòrum,2.2217148764638015,41.41106682138965,,,
L'Aquàrium de Barcelona - Aspro Parks,2.1843840154597025,41.37680536906014,,,
Casa Elisa Bremon d'Espina,2.1556015592796474,41.399646914660494,,,
Casa Eloy Detouche,2.16476312511361,41.406698383788495,,,
Casa F. Homet,2.1524799804849275,41.40368647833563,,,
Casa Feliu Iglesies,2.152775398750866,41.402178366408194,,,
Casa Tomàs Valls,2.156053352602201,41.41098981404602,,,
"Àntic Edifici de Catalana de Gas i Electricitat, SA",2.173038152640421,41.385810987300985,,,
Can Mora,2.151042845959997,41.41790973374814,,,
Can Muntaner de Dalt,2.1531271963876577,41.41350924872243,,,
Can Trilla,2.1519292949349675,41.40354926420721,,,
Parc de Diagonal Mar,2.212231951523546,41.40849031137141,,,
Plaça del Rei,2.177312208308455,41.38399153606988,,,
Pla de l'Os - La Rambla,2.1733632328413295,41.38140185945734,,,
El camp de la Creu,2.140180281885298,41.388763523980295,,,
Parròquia rural de Santa Maria de Vallvidrera,2.0986366212851304,41.41903790688767,,,
Cases Antoni Par,2.150627501849931,41.40569413888112,,,
Cases de menestrals,2.160468302707204,41.40077634268316,,,
Cases Folguera,2.158860787647023,41.40193073549308,,,
Edifici Modernista Avinguda República Argentina 28,2.147416989049893,41.408491676806655,,,
El carrer de Bonavista,2.1587099305698554,41.397732913667156,,,
El Vapor Nou,2.160694112661664,41.40183443187984,,,
Kasa de la Muntanya (KM),2.154195493067497,41.4104399702781,,,
Àntiga Fàbrica de Làmpades Z,2.1378661758058857,41.36098326639913,,,
Ca l'Estruc- Convent de les Germanes de l'Assumpció,2.1880199202730286,41.43553951634989,,,
La Lleialtat Santsenca,2.1366981790746196,41.37291765088582,,,
Casa Josep Barnoles - La del Mico i el Gos,2.160396764857864,41.4116517136051,,,
Museu Etnològic i de Cultures del Món *Parc Montjuïc,2.156001328720349,41.369093660609174,,,
Masia Can Rosés,2.1348326553076955,41.38827496816367,,,
Hotel Peninsular - HB-003154,2.1725113181323525,41.37962578754925,,,
Carrer Avió Plus Ultra,2.122019654847453,41.40033306045677,,,
Bar Colòmbia,2.1895226462085007,41.43001110132735,,,
Parròquia de Sant Ramon Nonat,2.1170928190224396,41.376037199473764,,,
Mural de la Memòria de Baró de Viver,2.1984226201584325,41.4478129864912,,,
Plaça dels Àngels,2.1678110837805953,41.38301191729433,,,
Molí de Sant Andreu - Rec Comtal,2.1940218005711922,41.44306589381739,,,
Escola Superior de Música de Catalunya,2.185159128100962,41.39877242493477,,,
OikoCrèdit Catalunya,2.1740702334657036,41.39204185286289,,,
Restaurant El Asador de Aranda *Av Tibidabo,2.1344802209567293,41.41349245462936,,,
Palau de Mar,2.1858736814996145,41.3808386412199,,,
Can Fabra,2.190607460580104,41.43487059872311,,,
Fundació Joan Brossa,2.1823673277242173,41.385220679624325,,,
Residència Assistencial per a Gent Gran Refugi d'Obreres,2.1482112139978766,41.40830297314985,,,
Casa Comalat,2.1607220347024616,41.39708330346534,,,
Restaurant Casa Tejada,2.142108289092796,41.39505269147344,,,
Casa Eudald Obradors,2.1458839653210964,41.410579233171234,,,
Casa Gaspar Galí,2.1558495685461287,41.402652080011684,,,
Casa Manuel Colchero,2.160231915914634,41.41156230116295,,,
Casa Miquel Cal Millàs,2.157560504523872,41.4031305099263,,,
Casa Pere Jaqués,2.152378393383484,41.412850942650316,,,
Casa Ramos,2.149575785577088,41.4061899908628,,,
Associació de Botiguers i Professionals Eix Maragall,2.1784702505689153,41.42197707927703,,,
La rambla del Prat,2.152769925875062,41.4018619863958,,,
Masoveria de la Virreina,2.1582068161840007,41.40418669162275,,,
La plaça del Poble Romaní,2.160694112661664,41.40183443187984,,,
Villa Esperanza,2.146376241035286,41.41363246951803,,,
Colònia Bausili,2.1435520408982858,41.35303880848997,,,
Biblioteca Vapor Vell,2.134751788846474,41.37692859666653,,,
Pont de Calatrava (Bac de Roda - Felip II),2.1924102551677853,41.416166339580734,,,
Parc Torrent Maduixer,2.1353909998606846,41.415769691707396,,,
Torre de la Catalana de Gas,2.1938398880660617,41.38205967912699,,,
Centre Excursionista Els Blaus,2.1236177212959237,41.39817327414662,,,
Edifici d'habitatges Gran de Gràcia 74*76,2.1553848011746144,41.40008719962975,,,
Funicular Vallvidrera - FGC,2.1059462512020857,41.41422846437415,,,
Funicular Tibidabo - Cuca de Llum,2.1314116843562356,41.41631050210694,,,
Centre Cívic Pere Pruna,2.13132023534547,41.40320904460328,,,
Museu Picasso,2.180853795205005,41.385187649272225,,,
Casa Marsans - Alberg Mare de Déu de Montserrat - AJ000084,2.14686630713938,41.41618949683218,,,
Casa Cama i Escurra,2.157088195204451,41.39828230438417,,,
Pis - Museu Habitatge 1/11,2.190352662404392,41.440975554477156,,,
La Plaça de Sant Jaume,2.1771735683501343,41.38254213182859,,,
Centre Esportiu Municipal Can Caralleu,2.1105047906383008,41.40098699374353,,,
Museu Frederic Marès,2.17695685162379,41.38420549734736,,,
Mercat Clot,2.1886443723650215,41.40761694241932,,,
Mercat Poblenou - Unió,2.2054291963991535,41.40102174848232,,,
Restaurant Casa Trampa,2.104516277534671,41.41319781754193,,,
Església de Nostra Senyora de Pompeia,2.1581534123611474,41.39646355499734,,,
Tinta Invisible Edicions,2.1650784376554717,41.382067548983194,,,
Fundació Orfeó Gracienc,2.156423120771882,41.404734139288166,,,
Parròquia de Sant Joan de Gràcia,2.1567122726022543,41.40533710606837,,,
Teatre Grec,2.158482875531215,41.36812384413011,,,
Poble Espanyol de Barcelona,2.1467430809493484,41.36914809976752,,,
Casal Sant Jordi,2.1713337865477698,41.38944576760637,,,
Casa Vicens,2.1505869815611334,41.4035372452986,,,
Palau Güell,2.174439557713116,41.379087185159,,,
Centre Cívic Casinet d'Hostafrancs,2.1432215181756806,41.37785807405671,,,
Temple Expiatori de la Sagrada Família - Basílica,2.173925859874078,41.403953130630256,,,
Conservatori Municipal de Música de Barcelona,2.1680371208078073,41.39590030798757,,,
Cementiri Sant Genís,2.1365982986152545,41.42798213665874,,,
Platja de la Nova Mar Bella,2.2142493854271126,41.401144617626905,,,
Parròquia de la Mare de Déu de Lourdes,2.1560110122944107,41.37309762127584,,,
Museu,2.1601492925476364,41.368292261821246,,,
Platja de l'Espigó del Gas,2.19521287162423,41.38135119070231,,,
Reial Club Nàutic de Barcelona,2.1830264347318584,41.377238724292056,,,
Farmàcia Reixach-de Pablo,2.1896359516105504,41.435618295520094,,,
Filmoteca de Catalunya,2.171026973674133,41.378633698248855,,,
Parròquia de Sant Josep Manyanet,2.1914231867699456,41.42900359854308,,,
Pla de la Seu,2.1758673829595696,41.38425392967717,,,
Hotel España - HB-000073,2.1728476146789286,41.37998177436281,,,
Centre Cívic Sant Andreu,2.1894124386376466,41.43088018380354,,,
Escola Massana Centre Municipal d'Art i Disseny,2.1708053338176225,41.380953983657726,,,
Institut Français de Barcelone,2.1517956248758305,41.39528348612812,,,
Fàbrica de Creació Nau Ivanow,2.1899651964541302,41.4199791609378,,,
Museu Marítim de Barcelona,2.176059209800324,41.37598140054482,,,
Seu del Districte de Sants-Montjuïc,2.1422743923160135,41.3754087791269,,,
Funicular de Montjuïc -TMB,2.1703264205028834,41.37479599283319,,,
Jardins de Magalí,2.1335326462367803,41.38491336528375,,,
Reial Club de Polo de Barcelona,2.1144500349192548,41.381284762938655,,,
Mercat Horta,2.1573096628601407,41.42921857676913,,,
Casa Terradas - Casa de les Punxes,2.1638579681725147,41.39789455388375,,,
Escola Superior de Disseny i d'Art Llotja,2.136130474690944,41.402602198063434,,,
Forn de Pa de Can Tur,2.1933483941178187,41.43201793483495,,,
Museu Reial Monestir de Santa Maria de Pedralbes,2.112075084546918,41.395605165759946,,,
Col·legi d'Arquitectes de Catalunya,2.1750593430010214,41.38447776866129,,,
Reial Club de Tennis Barcelona - 1899,2.1183319142548482,41.39369047981739,,,
Centre Educatiu Thau,2.10528876791072,41.387640055125665,,,
Parc de les Aigües,2.1654810232921857,41.41357708464317,,,
Parc de la Guineueta,2.1744888744706907,41.43904973751512,,,
Edifici Talaia Barcelona,2.1394911073808047,41.39084065982192,,,
L'Hort del Cànem,2.200783316686378,41.39913958472813,,,
Museu Egipci de Barcelona,2.1647541605952405,41.39365756520606,,,
Obelisc del Cinc d'Oros,2.159512198746821,41.396517237885504,,,
Velodrom Municipal d'Horta Miquel Poblet,2.1495946440435265,41.43723757663772,,,
Can Pardal,2.1561857760316037,41.40285879796171,,,
Museu d'Arqueologia de Catalunya,2.1576640200328425,41.37018541324514,,,
Parròquia de la Santíssima Trinitat,2.1904799871347125,41.450316538502584,,,
Memorial en Record de les Víctimes de Trànsit,2.2067544978597606,41.394602678212614,,,
Escultura Fray Pedro Ponce de León,2.1630082494784415,41.404403526651755,,,
Espai de Memòria de les Catorze Roses,2.1048876282791307,41.38499263558753,,,
Pati Geològic,2.1197216758551365,41.38437037725497,,,
Restaurant Bonanova,2.1350313845219278,41.406211009367915,,,
Cementiri Sant Gervasi,2.1266252111412056,41.4111553532629,,,
Cementiri d'Horta,2.1560660575896735,41.4404241840174,,,
Parc de la Maquinista per les treballadores i els treballadors de la Maquinista,2.195536965654686,41.43644435327476,,,
Casa Muley-Afid,2.1286747551139507,41.40386449496666,,,
Teatre Lliure,2.1574493260272294,41.37067944906853,,,
Centre Comercial Westfield Glòries,2.1925213552739606,41.40497574863421,,,
Facultat de Comunicació i Relacions Internacionals Blanquerna - URL,2.166272793410519,41.383537647642115,,,
Parc de la Trinitat,2.1956548753915466,41.449268825219306,,,
Antiga Fàbrica d'Estampació Tèxtil Can Ricart,2.1981716288388373,41.40922632383825,,,
Font Pública,2.1561312297043247,41.40022209501887,,,
Spotify Camp Nou,2.1228764926605805,41.380806951232216,,,
Parc del Poblenou,2.207470604184096,41.397279718190724,,,
Escola Josep Maria Jujol,2.15589597296444,41.3981893830587,,,
Estació d'Autobusos Barcelona Nord,2.182338154669274,41.394325719298415,,,
Estadi Olímpic de Montjuïc Lluís Companys,2.155681394867584,41.36474508399185,,,
Residència Salesiana Martí Codolar,2.150872845796388,41.428443543752635,,,
Masia Ca l'Armera,2.183215458926026,41.42562795245565,,,
Casa Llopis Bofill,2.169479497833732,41.39767792794139,,,
Torre de Collserola,2.111785952453742,41.41586341604361,,,
Centre Educatiu CETT - Escola d'Hoteleria i Turisme,2.1481555754807795,41.43485061254671,,,
Fàbrica de Creació Hangar,2.1993792756338038,41.408601288709,,,
Centre Comercial Diagonal Mar,2.2164227599409685,41.41045744398306,,,
Museu de Carruatges del Foment,2.149802728490179,41.433868404945784,,,
Facultat de Psicologia i Ciències de l'Educació i de l'Esport Blanquerna - URL,2.1333279293214424,41.41191420929642,,,
Palau de Congressos *Pavelló 5,2.1518889546104605,41.37241483260608,,,
Casal de Barri Pou de la Figuera,2.17865660673348,41.38819881761839,,,
Acàdemia Blancafort - Antiga Editorial Seguí,2.1609062506181,41.39878162390739,,,
Casa Claudi Alsina,2.1508908827827895,41.406967492825586,,,
Jardins de Joan Maragall - Palauet Albéniz,2.1562276622830514,41.366509146888276,,,
Jardins de Massana,2.1785261828350926,41.42704189433846,,,
Torre Glòries,2.189815009628469,41.40347629324701,,,
Zoo de Barcelona,2.1871870138081793,41.386153673583415,,,
Club Esportiu Europa,2.1604194727546537,41.41204361291409,,,
Seu de l'Antiga Hidroelèctrica de Catalunya,2.182863588545234,41.39192618305821,,,
Associació Sants Establiments Units,2.136838762891396,41.37607095558091,,,
Casa Enric Cera,2.1573773724992016,41.40467490062874,,,
Casa Girona i Cuyàs,2.1575989671703684,41.39819978132556,,,
Casa Joan Matas,2.158955446305032,41.39939919545339,,,
Casa José de Ugarte,2.1523730608821405,41.407908057431946,,,
Casa Víctor Conill,2.157352034558083,41.397802872401726,,,
"Xemeneia de l'antiga Fábrica ""La Porcelana""",2.144526050663452,41.373026915332794,,,
La plaça del Raspall,2.1607012964821575,41.401314262013386,,,
La Plaça del Setge de 1714,2.161040561834341,41.3742315617575,,,
Torre de Sant Jordi,2.145538840084051,41.413865507094485,,,
Villa Conchita o Casa dels Metges,2.1484843108500273,41.41921321493736,,,
Jardins del  Baix Guinardó,2.168658421542334,41.40977850723608,,,
Escola la Farigola de Vallcarca,2.1466809685807626,41.4138319736047,,,
Associació Nou Barris Centre Comerç,2.176213867579158,41.44133560174434,,,
Farmàcia Clapés Viñas,2.1892905825595,41.43381060796746,,,
Teatre Coliseum,2.1661793796788946,41.38819696920227,,,
Centre Cívic El Coll - La Bruguera,2.149915320833742,41.41860650477411,,,
Font Hércules,2.1663348303868433,41.402220848593636,,,
Parc d'Atraccions del Tibidabo,2.118740285636823,41.42161843553102,,,
IL3 Institut de Formació Contínua - Universitat de Barcelona,2.192149004479942,41.40277794946352,,,
Palau de Congressos de Catalunya,2.1096831257594295,41.38351274680861,,,
Palau Reial de Pedralbes,2.1184352989192647,41.38654937434819,,,
Casa Amatller,2.1651128906872135,41.39161297296296,,,
Antiga Seu Editorial Gustavo Gili,2.147565662886036,41.38610655947061,,,
Mercat Hostafrancs,2.143853943380838,41.37516234439833,,,
Jardins de Can Sentmenat,2.115102292721839,41.40262028359711,,,
Mercat Sants,2.1337546284183255,41.37474144032811,,,
Casa Martí - Els Quatre Gats,2.1735178081132696,41.38603997054996,,,
Associació Sant Martí Eix Comercial,2.1998166979222726,41.42025966854083,,,
Centre Cívic Can Basté,2.173233437180801,41.4304874584176,,,
Jardins Ferran Soldevila,2.1640304973285196,41.3865770289631,,,
Club Tennis Barcino,2.138411353701733,41.40829605865302,,,
Estació de França,2.1871972542686304,41.38390532899724,,,
Carrer Gran de Sant Andreu,2.189879647556801,41.43612543255933,,,
Centre Municipal de Vela,2.2016968649217765,41.38842104043444,,,
Associació Rambla de Catalunya,2.163589599574425,41.390774335776676,,,
Clínica Sant Jordi,2.193077895717268,41.436758654397906,,,
Parròquia de la Mare de Déu de la Mercè i Sant Miquel Arcàngel - Basílica,2.1795802549065177,41.37942517988621,,,
Parc Metropolità Collserola,2.0995879296735516,41.42098586112135,,,
Farmàcia de Bolós Giralt,2.162424791257872,41.39166621624898,,,
EINA - Centre Universitari de Disseny i Art de Barcelona,2.114333805752234,41.40287986302204,,,
Bar Musical London Bar,2.1731803971737738,41.37814933333809,,,
Casa - Fàbrica Erasme de Gònima,2.1667324035406557,41.38013776152317,,,
Residència Assistida per a Gent Gran Llars Mundet,2.147158169831797,41.43575541409688,,,
Observatori Fabra,2.1236452624703155,41.41877190341054,,,
Ateneu Popular de Sants,2.1388908758746004,41.37650856330917,,,
Camp Municipal de Futbol Narcís Sala,2.1930944831499715,41.428896922388276,,,
Escola Lluís Vives,2.1280851779733574,41.37186290045591,,,
Plaça de la Mercè,2.1795617635934748,41.37939878522798,,,
Reials Drassanes de Barcelona,2.1760573876381613,41.375981756802304,,,
Federació de Comerciants de Barna Centre,2.1771716276218274,41.38337742829775,,,
Farmàcia Guinart Gómez de Arteche,2.18973464583348,41.43709201717534,,,
Església Antic Institut Mental,2.1691554098488184,41.436993560151315,,,
Associació d'Amics del Passeig de Gràcia,2.161334369208631,41.39305273394126,,,
La Plaça dels Indians,2.182535991490844,41.42345483645125,,,
Carrer de les Monges,2.187943106250125,41.430689656123576,,,
Seu del Districte de Nou Barris,2.1712296246319656,41.4368445525108,,,
Parc del Clot,2.1900153665666733,41.40847228003916,,,
Foment Republicà de Sants. Antic Ateneu Batllori,2.1380612359989244,41.374890084557144,,,
Casa del Guarda -  Espai d'Interpretació del Pantà de Vallvidrera,2.0973845422401483,41.415598383773975,,,
Floristeria Flora Miserachs,2.12109349397744,41.40098051100123,,,
Centre Educatiu Monlau Sagrera,2.1906007422317457,41.422997529070116,,,
Hospital Evangèlic,2.1943465696873985,41.40134426251321,,,
La Rambla del Raval,2.1691786660708967,41.37888562756235,,,
Parc de la Barceloneta,2.193838416918405,41.38205501687279,,,
Parc Científic de Barcelona,2.116442974830661,41.381845731199355,,,
Monument a Josep Tarradellas,2.143065853774402,41.386548699111046,,,
Cases modernistes del carrer de Sants,2.1327032048740047,41.37547034603628,,,
El Rec Comtal,2.1857427165784453,41.46478662529261,,,
Jardins del Rector Oliveras,2.1678356444626248,41.39479752399747,,,
Escullera del Port de Barcelona,2.179383881515306,41.3576877479369,,,
Cases Barates del Bon Pastor,2.206192154035402,41.43783366096427,,,
Centre Superior de Disseny IED Barcelona,2.1549809717403154,41.40542058928409,,,
Palau Macaya,2.16943219323842,41.39987499692392,,,
Mercat Concepció,2.169071648271845,41.39556815947775,,,
Mercat Sant Antoni,2.162393771599188,41.37897269453997,,,
Park Güell,2.1523549505739523,41.41281810185847,,,
Parc del Laberint d'Horta,2.1475613087947547,41.43795704876439,,,
Parc del Guinardó,2.169613897166294,41.41948943678852,,,
Parc del Turó de la Peira,2.1634471242007627,41.43346223343624,,,
Casa de l'Aigua. Museu d'Història de Barcelona,2.189729096932418,41.45463864239669,,,
Fàbrica de Creació La Escocesa,2.203844026804752,41.41127532997013,,,
Casa Serra,2.157534429798631,41.39562747870579,,,
Escola Mossèn Jacint Verdaguer,2.154824350891146,41.37332070884572,,,
Refugi Antiaeri de la Plaça del Diamant,2.1559723559683674,41.40399370440121,,,
Museu de Cera de Barcelona,2.1774606445543268,41.377130607091686,,,
Masia Torre Rodona - Can Vinyals de la Torre,2.1239439361700736,41.38593280819907,,,
Oasi MAC,2.153646899272376,41.38188240741375,,,
Farmàcia Franquesa Borràs,2.1897728924932363,41.43515149016144,,,
Moll de la Fusta *Escenari Besòs,2.181832960571753,41.37903656788793,,,
Moll de la Fusta *Escenari Llobregat,2.181832960571753,41.37903656788793,,,
Museu Palmero Arte,2.140179989039568,41.4252047837623,,,
Cementiri Sarrià,2.1276081162893665,41.401007141442,,,
Cementiri Poblenou,2.201156811755032,41.39459329629176,,,
La plaça de les Glòries Catalanes,2.1873319527554798,41.402591899807355,,,
Far del Port - Torre del Rellotge,2.1869970992938486,41.3758307185709,,,
Casa Faiol - Casa de la Papallona,2.150298953457356,41.376636975984155,,,
Torre Montjuïc Calatrava,2.1516565451460616,41.364786605041445,,,
Universitat Oberta de Catalunya,2.19444957141162,41.40649363005068,,,
Casa Batlló,2.1649640719737016,41.39173522253645,,,
Espai Subirachs - Poblenou,2.199893955698491,41.404152690531006,,,
Museu de Pintura Contemporània Can Framis,2.1949651108093025,41.40294420265117,,,
Centre de Cultura Contemporània de Barcelona,2.1668129104163323,41.38391450226559,,,
CaixaForum Barcelona,2.1495935126379413,41.37132601483051,,,
CosmoCaixa Barcelona,2.1306762762550275,41.41329827278905,,,
Tramvia Blau Tibidabo-TMB,2.137021984976944,41.41053468316915,,,
Centre Cívic Can Verdaguer,2.1792048887112854,41.43410459884157,,,
